id,first_name,last_name,user_name,email,password,phone,address
1,Kyle,Whittleton,kwhittleton0@nbcnews.com,Genderqueer,216.98.112.160,69.233.141.50,161.66.29.62
2,Gilbertine,Esparza,gesparza1@slate.com,Polygender,247.0.120.214,94.196.122.61,55.129.13.35
3,Glenn,Alennikov,galennikov2@wiley.com,Male,1.35.19.16,195.157.72.116,95.154.203.44
4,Koren,Munning,kmunning3@drupal.org,Female,242.28.102.56,211.10.127.76,165.21.157.6
5,Jerrilee,Ferretti,jferretti4@hao123.com,Non-binary,57.194.168.154,58.115.201.3,32.133.13.92
6,Rosella,Lampel,rlampel5@tiny.cc,Non-binary,227.13.154.230,165.96.147.239,58.234.218.35
7,Rawley,Lofting,rlofting6@va.gov,Bigender,149.59.186.129,53.171.26.212,158.220.126.42
8,Winnie,Basham,wbasham7@joomla.org,Female,24.77.132.95,48.134.172.170,135.24.254.175
9,Lyndsey,Pregal,lpregal8@smugmug.com,Non-binary,112.131.160.42,15.135.38.85,237.131.6.73
10,Hernando,Lampl,hlampl9@newsvine.com,Agender,94.10.100.78,190.175.25.179,28.76.16.150
11,Rebekah,Leverentz,rleverentza@domainmarket.com,Genderfluid,119.116.226.201,103.27.26.90,199.185.137.196
12,Dee dee,Barkus,dbarkusb@list-manage.com,Bigender,101.113.43.255,46.82.149.17,143.184.175.162
13,Bryna,Basek,bbasekc@sitemeter.com,Bigender,176.161.191.39,170.119.218.6,74.204.123.121
14,Mallorie,Havercroft,mhavercroftd@cbc.ca,Agender,240.87.245.238,40.106.206.81,225.67.209.39
15,Brew,Eyers,beyerse@timesonline.co.uk,Genderfluid,82.104.160.203,49.223.177.77,202.37.204.214
16,Tomasine,Gosnold,tgosnoldf@jalbum.net,Genderfluid,190.174.47.190,74.72.15.129,176.50.89.194
17,Briny,Lube,blubeg@narod.ru,Bigender,68.40.78.176,249.16.134.67,181.109.228.2
18,Genevieve,Steeples,gsteeplesh@house.gov,Non-binary,156.181.96.45,53.188.2.104,69.215.97.184
19,Bunnie,Beaufoy,bbeaufoyi@desdev.cn,Agender,64.8.44.222,176.97.201.198,48.252.110.101
20,Adolphus,Worgen,aworgenj@usa.gov,Female,86.210.22.193,76.238.1.232,136.75.74.19
21,Mauricio,Leyzell,mleyzellk@so-net.ne.jp,Female,255.5.95.37,62.214.159.76,25.94.146.233
22,Karlik,Cotgrave,kcotgravel@huffingtonpost.com,Genderfluid,104.248.139.165,118.207.15.246,251.72.175.226
23,Arvin,Zanardii,azanardiim@bluehost.com,Non-binary,134.126.41.175,24.189.100.232,38.161.235.145
24,Krystal,Philliphs,kphilliphsn@businesswire.com,Genderqueer,46.40.146.91,2.114.87.9,30.100.68.102
25,Orel,Haken,ohakeno@fastcompany.com,Non-binary,97.162.233.210,10.67.18.42,166.156.8.184
26,Teresa,Marriner,tmarrinerp@buzzfeed.com,Non-binary,122.179.246.137,118.154.212.82,158.85.2.190
27,Ingra,Standeven,istandevenq@reddit.com,Male,248.97.109.205,85.10.82.65,117.137.87.45
28,Toby,Bende,tbender@altervista.org,Genderfluid,169.145.183.44,135.96.103.186,128.71.254.180
29,Concettina,Liebermann,cliebermanns@yale.edu,Bigender,246.32.39.5,196.178.64.245,119.177.192.248
30,Risa,Bevir,rbevirt@princeton.edu,Agender,94.209.135.202,32.237.142.159,84.246.92.73
31,Jolynn,Angel,jangelu@spiegel.de,Female,30.242.141.200,75.162.6.62,83.221.220.87
32,Gerianne,Blodg,gblodgv@hhs.gov,Bigender,57.81.209.233,253.27.79.102,83.50.41.61
33,Kurt,Norquay,knorquayw@sakura.ne.jp,Polygender,19.91.91.138,113.73.202.69,195.6.72.129
34,Nancy,Winckworth,nwinckworthx@omniture.com,Agender,16.183.134.27,48.45.45.26,81.166.58.136
35,Helli,O'Donohue,hodonohuey@macromedia.com,Agender,166.239.187.37,215.233.161.105,182.89.169.103
36,Malachi,Tressler,mtresslerz@auda.org.au,Genderqueer,246.228.78.180,105.9.107.238,146.237.73.1
37,Ollie,Archbould,oarchbould10@wix.com,Agender,176.212.156.198,214.113.34.177,177.230.154.52
38,Ashley,Pumphrey,apumphrey11@about.me,Agender,243.168.99.237,149.211.168.103,26.160.2.61
39,Arman,Pietranek,apietranek12@psu.edu,Genderqueer,51.121.245.22,39.237.13.141,15.164.18.163
40,Phillipp,Guard,pguard13@macromedia.com,Female,79.106.176.211,240.180.248.202,202.59.196.169
41,Rolando,Gabbat,rgabbat14@github.com,Non-binary,189.29.130.22,139.255.72.20,194.133.238.230
42,Jolene,Egdell,jegdell15@posterous.com,Polygender,25.35.38.215,142.102.50.53,14.77.148.193
43,Lurline,Scotts,lscotts16@nydailynews.com,Non-binary,56.147.35.84,139.139.227.45,251.150.82.169
44,Arther,Puncher,apuncher17@shareasale.com,Agender,211.80.20.37,224.244.169.198,177.160.231.25
45,Obediah,Kobel,okobel18@walmart.com,Genderfluid,44.170.220.181,104.148.59.75,202.27.120.175
46,Nikaniki,Ibeson,nibeson19@huffingtonpost.com,Female,6.152.78.71,27.121.154.225,76.141.91.65
47,Stillmann,Tresise,stresise1a@taobao.com,Bigender,219.98.73.248,213.144.156.192,47.49.10.154
48,Gilburt,Roddy,groddy1b@gnu.org,Non-binary,167.243.187.167,122.122.194.115,107.249.78.90
49,Curran,Goghin,cgoghin1c@usda.gov,Agender,122.174.11.176,177.120.140.3,60.209.102.110
50,Erny,Axell,eaxell1d@icq.com,Non-binary,221.28.113.153,214.80.229.101,187.223.18.159
51,Domenico,Smeal,dsmeal1e@blogs.com,Polygender,78.176.143.159,72.50.193.104,135.53.52.5
52,Harry,Micka,hmicka1f@patch.com,Non-binary,106.44.240.195,191.26.135.160,96.212.57.194
53,Noelani,Hizir,nhizir1g@smh.com.au,Non-binary,15.146.236.109,207.4.116.142,162.236.152.120
54,Cherlyn,Maudlen,cmaudlen1h@mapquest.com,Genderfluid,104.91.110.55,42.212.167.139,156.25.108.102
55,Rhodia,Siccombe,rsiccombe1i@etsy.com,Polygender,247.174.116.16,206.66.78.16,221.97.127.135
56,Nevin,Gritland,ngritland1j@themeforest.net,Genderqueer,229.194.121.241,18.229.158.69,175.41.217.222
57,Deeyn,Lortz,dlortz1k@reference.com,Bigender,148.162.20.89,82.241.17.192,140.58.115.41
58,Adrianna,Ibbitt,aibbitt1l@people.com.cn,Agender,23.114.212.67,2.247.58.78,64.173.190.247
59,Lita,Ivannikov,livannikov1m@meetup.com,Female,215.209.70.45,214.93.140.164,86.187.148.41
60,Bernice,Gainsburgh,bgainsburgh1n@creativecommons.org,Genderqueer,46.84.90.32,1.82.241.120,148.90.130.99
61,Neile,Grunguer,ngrunguer1o@marriott.com,Non-binary,54.43.230.59,186.24.171.196,116.255.0.98
62,Carmelia,McRill,cmcrill1p@guardian.co.uk,Bigender,88.32.102.45,35.200.137.167,35.107.2.154
63,Frank,Broadbear,fbroadbear1q@merriam-webster.com,Agender,16.245.176.192,77.50.30.236,4.15.207.146
64,Winny,Gronav,wgronav1r@latimes.com,Non-binary,34.189.57.216,93.5.113.124,125.135.82.0
65,Netty,Mothersdale,nmothersdale1s@businessinsider.com,Female,196.41.203.165,114.125.6.238,210.141.174.109
66,Bess,Macbane,bmacbane1t@51.la,Male,150.152.99.19,207.102.17.188,136.40.242.21
67,Jamill,Fellon,jfellon1u@google.co.uk,Polygender,81.132.90.74,243.118.6.46,104.217.240.19
68,Fanya,Elcott,felcott1v@sciencedaily.com,Non-binary,174.176.196.28,24.230.62.31,235.48.174.134
69,Stafani,Nixon,snixon1w@house.gov,Polygender,150.78.246.191,62.12.199.45,195.132.17.113
70,Odette,Cuell,ocuell1x@wp.com,Genderfluid,247.172.141.59,35.220.217.82,244.171.46.66
71,Jocko,Heap,jheap1y@slideshare.net,Bigender,226.22.57.172,33.15.215.152,250.162.178.45
72,Roslyn,Ivimy,rivimy1z@cpanel.net,Bigender,16.100.186.253,132.109.181.190,202.95.197.104
73,Ignacius,Ough,iough20@toplist.cz,Male,112.198.223.173,133.57.240.32,238.120.115.25
74,Joycelin,Briereton,jbriereton21@ibm.com,Non-binary,9.97.209.166,118.112.137.151,135.189.9.141
75,Hamilton,Whiffen,hwhiffen22@abc.net.au,Bigender,149.188.18.179,47.152.35.84,173.159.236.81
76,Barbabas,Mougenel,bmougenel23@ehow.com,Genderfluid,55.247.232.53,88.164.246.132,60.146.232.85
77,Laurene,Joutapaitis,ljoutapaitis24@dyndns.org,Agender,27.184.251.43,39.168.190.145,38.140.5.26
78,Noel,Kollas,nkollas25@odnoklassniki.ru,Bigender,89.29.168.227,100.50.82.33,13.244.130.174
79,Damara,Coldbath,dcoldbath26@mysql.com,Genderfluid,43.146.90.187,0.54.119.123,188.191.74.220
80,Maiga,Gamwell,mgamwell27@ifeng.com,Female,236.140.120.161,219.225.170.55,77.196.126.137
81,Marthe,Liddell,mliddell28@jalbum.net,Female,164.147.51.20,145.20.136.230,47.202.113.36
82,Nikola,Allitt,nallitt29@microsoft.com,Agender,248.141.41.68,84.139.99.228,223.38.173.114
83,Delphinia,Gillhespy,dgillhespy2a@dropbox.com,Female,227.151.10.115,226.200.229.91,168.83.72.217
84,Yoko,Widdup,ywiddup2b@last.fm,Polygender,70.190.156.68,152.243.243.214,212.243.39.189
85,Marjy,Swanbourne,mswanbourne2c@marriott.com,Female,92.143.239.50,216.42.62.181,160.230.5.98
86,Desmond,Goulbourne,dgoulbourne2d@state.tx.us,Polygender,101.111.240.142,227.215.83.116,46.162.73.98
87,Farrand,Cooper,fcooper2e@huffingtonpost.com,Non-binary,229.16.63.242,197.241.87.189,218.219.182.240
88,Dell,Medler,dmedler2f@constantcontact.com,Female,171.65.70.157,128.14.114.13,64.114.164.87
89,Giralda,Zapatero,gzapatero2g@github.io,Female,84.27.102.94,50.181.218.23,176.86.187.170
90,Ingmar,Moorman,imoorman2h@apple.com,Bigender,179.249.0.233,120.224.152.224,185.136.230.227
91,Kiel,Standrin,kstandrin2i@usnews.com,Non-binary,151.254.138.44,37.113.249.142,56.121.220.77
92,Siana,Hardington,shardington2j@dyndns.org,Male,216.15.137.49,6.40.30.118,178.172.164.209
93,Jermayne,Robertet,jrobertet2k@woothemes.com,Polygender,52.104.146.65,183.124.231.74,46.186.41.17
94,Sharl,Benzing,sbenzing2l@umich.edu,Polygender,107.74.145.62,122.117.23.11,246.134.21.190
95,Otis,Wethey,owethey2m@slideshare.net,Male,96.110.55.36,14.245.181.215,44.252.112.239
96,Rena,Crabbe,rcrabbe2n@washingtonpost.com,Agender,51.63.164.249,113.201.209.172,254.50.150.175
97,Lenard,Hurche,lhurche2o@istockphoto.com,Polygender,243.135.174.61,235.28.184.229,147.26.51.12
98,Emmerich,Gleave,egleave2p@ucoz.com,Polygender,146.6.59.198,48.128.254.192,107.141.51.147
99,Aldis,Greenless,agreenless2q@istockphoto.com,Female,58.151.205.178,173.119.3.239,151.25.141.28
100,Alameda,Dewitt,adewitt2r@nba.com,Bigender,40.149.125.106,137.177.41.111,105.201.126.255
101,Lars,Glaum,lglaum2s@wsj.com,Male,52.76.173.151,202.0.23.174,137.110.35.217
102,Maggie,Loxton,mloxton2t@bing.com,Genderqueer,175.119.234.28,46.148.179.56,248.16.190.98
103,Isidor,Hexham,ihexham2u@gov.uk,Polygender,157.233.175.69,46.162.91.156,66.140.240.174
104,Eve,Burnard,eburnard2v@xrea.com,Genderfluid,133.152.61.67,90.125.14.163,81.214.28.111
105,Rudie,Manhare,rmanhare2w@businessinsider.com,Agender,183.162.250.186,146.54.196.214,109.253.22.92
106,Roslyn,Bowen,rbowen2x@blogs.com,Polygender,168.68.171.196,176.90.120.149,214.221.61.131
107,Baillie,McChesney,bmcchesney2y@cnet.com,Genderfluid,93.154.107.159,120.102.246.110,74.126.56.188
108,Mignonne,Tutchell,mtutchell2z@marriott.com,Genderqueer,239.9.58.61,95.209.80.30,224.239.194.245
109,Seana,Tyrone,styrone30@t.co,Genderqueer,208.124.54.221,76.66.133.252,87.180.62.98
110,Debbie,Hawkwood,dhawkwood31@mit.edu,Agender,247.55.219.27,213.39.232.26,251.7.182.167
111,Shayla,Burchill,sburchill32@nasa.gov,Male,254.185.31.145,3.196.103.193,47.16.54.70
112,Rey,Schrinel,rschrinel33@geocities.jp,Bigender,125.201.45.129,169.73.244.98,119.79.105.191
113,Thekla,Bullough,tbullough34@sohu.com,Female,20.181.67.209,39.110.83.128,174.218.226.3
114,Clarette,Visick,cvisick35@nhs.uk,Non-binary,217.153.41.38,164.182.42.227,96.37.189.192
115,Bobine,Job,bjob36@paginegialle.it,Agender,234.2.184.134,125.173.150.213,0.210.244.102
116,Daisey,Makinson,dmakinson37@de.vu,Polygender,177.149.214.193,129.40.134.47,17.41.155.28
117,Erroll,Broom,ebroom38@stumbleupon.com,Agender,15.127.74.131,223.80.242.49,242.121.200.48
118,Mariele,Simonato,msimonato39@163.com,Bigender,144.100.162.246,0.176.146.127,141.157.23.67
119,Jedediah,Ianne,jianne3a@discuz.net,Agender,151.210.181.71,242.82.91.151,42.42.52.186
120,Iago,Tandey,itandey3b@reference.com,Genderqueer,189.249.137.180,130.169.137.147,5.206.72.10
121,Bernie,Fennelly,bfennelly3c@squidoo.com,Female,1.239.18.116,218.219.92.142,229.227.20.46
122,Thurstan,Stennes,tstennes3d@usgs.gov,Bigender,175.201.201.230,56.58.32.46,76.109.48.69
123,Shanan,Birtwisle,sbirtwisle3e@com.com,Female,51.40.111.139,140.57.225.167,245.125.45.202
124,Maxwell,Bienvenu,mbienvenu3f@webnode.com,Bigender,150.28.107.11,151.224.148.71,30.47.141.101
125,Kylynn,Raulstone,kraulstone3g@washington.edu,Genderqueer,219.147.76.247,217.227.26.201,154.219.211.121
126,Latrina,Nobbs,lnobbs3h@diigo.com,Polygender,204.253.37.195,171.99.174.224,242.53.199.47
127,Kendall,Westney,kwestney3i@google.com.br,Agender,154.50.160.74,244.184.24.204,122.243.45.219
128,Evvie,Knaggs,eknaggs3j@google.co.jp,Polygender,168.141.88.113,52.55.196.74,254.29.28.211
129,Michaela,Zmitrichenko,mzmitrichenko3k@sohu.com,Non-binary,119.38.113.249,192.177.183.138,175.245.211.150
130,Ryley,Lower,rlower3l@multiply.com,Non-binary,203.113.164.55,117.95.39.78,219.56.15.190
131,Shepherd,Gates,sgates3m@irs.gov,Male,3.64.254.144,210.236.215.16,28.81.138.131
132,Phillie,Choulerton,pchoulerton3n@eepurl.com,Non-binary,213.25.241.113,65.213.105.58,185.177.238.203
133,Sofia,Welds,swelds3o@aboutads.info,Agender,111.29.11.71,151.201.115.50,2.61.31.224
134,Verena,Rekes,vrekes3p@ihg.com,Bigender,179.220.179.27,98.239.137.65,230.141.132.229
135,Thaddus,Juszczyk,tjuszczyk3q@google.ca,Genderqueer,223.230.141.8,108.211.133.163,163.149.154.144
136,Lin,Miguel,lmiguel3r@php.net,Agender,121.23.236.225,217.53.220.94,56.58.255.92
137,Row,Hockell,rhockell3s@wunderground.com,Non-binary,79.27.60.17,7.129.224.63,221.146.163.117
138,Estevan,Dukelow,edukelow3t@tamu.edu,Genderfluid,208.58.166.198,170.105.134.2,29.7.198.226
139,Reuben,Millen,rmillen3u@storify.com,Polygender,251.212.19.42,131.218.116.103,206.165.70.0
140,Aleece,Haldon,ahaldon3v@tripod.com,Male,190.35.153.231,210.75.171.17,57.173.196.209
141,Viva,Leadbetter,vleadbetter3w@oaic.gov.au,Non-binary,82.89.151.170,36.53.114.61,90.161.139.143
142,David,Rudolf,drudolf3x@addtoany.com,Female,253.73.208.247,80.179.25.192,251.20.70.247
143,Claus,McCleary,cmccleary3y@boston.com,Genderqueer,138.50.80.136,253.4.208.191,192.28.198.60
144,Ilse,Fulford,ifulford3z@mac.com,Bigender,152.144.70.79,14.11.228.55,17.255.158.189
145,Riccardo,Hasloch,rhasloch40@auda.org.au,Non-binary,188.99.11.29,139.162.114.15,2.0.94.158
146,Brandi,Eke,beke41@usgs.gov,Polygender,50.8.98.30,49.135.31.152,104.162.194.171
147,Eleonore,Scantlebury,escantlebury42@google.fr,Agender,0.109.126.175,168.17.89.100,110.252.77.158
148,Frances,Ballard,fballard43@nba.com,Polygender,8.241.106.158,1.50.82.126,127.253.114.122
149,Edin,Rubert,erubert44@hao123.com,Female,77.190.86.229,89.45.137.176,14.168.110.27
150,Quint,Opy,qopy45@over-blog.com,Non-binary,7.111.198.134,211.131.239.210,216.160.183.45
151,Barris,Freeburn,bfreeburn46@census.gov,Polygender,58.53.133.106,189.154.226.111,122.12.157.70
152,Vale,Crat,vcrat47@google.pl,Polygender,196.47.68.125,136.227.215.140,89.54.231.100
153,Claribel,Linzey,clinzey48@google.com.au,Genderqueer,5.181.159.16,90.153.39.48,147.64.32.90
154,Pearla,Rogliero,progliero49@oracle.com,Polygender,11.43.29.5,62.199.198.191,126.67.46.159
155,Jasmine,Manktelow,jmanktelow4a@nih.gov,Female,15.112.204.96,94.185.28.105,131.67.10.109
156,Quentin,Luttgert,qluttgert4b@weebly.com,Female,81.148.79.8,193.79.159.58,26.118.242.45
157,Den,Martignoni,dmartignoni4c@ehow.com,Agender,122.97.97.41,222.163.217.74,190.105.105.223
158,Onfroi,Gibke,ogibke4d@dell.com,Non-binary,51.213.78.35,204.134.216.211,198.75.6.206
159,Sibel,Sutter,ssutter4e@washington.edu,Genderqueer,174.4.25.2,68.68.125.114,212.236.23.187
160,Matthias,Boothe,mboothe4f@theatlantic.com,Genderfluid,19.178.200.7,94.7.121.201,179.111.158.115
161,Allianora,McCabe,amccabe4g@cmu.edu,Bigender,192.94.34.190,177.209.134.217,118.162.196.15
162,Gearard,Messier,gmessier4h@census.gov,Female,235.24.147.227,15.98.196.245,18.67.107.56
163,Blanca,Reveley,breveley4i@squidoo.com,Male,151.36.15.74,34.55.220.158,91.120.127.253
164,Lucia,Piet,lpiet4j@mapquest.com,Male,221.199.174.204,86.108.112.149,126.29.97.105
165,Adrianna,Dillon,adillon4k@apple.com,Genderqueer,73.219.60.209,198.36.87.120,34.107.232.213
166,Nani,Alabone,nalabone4l@exblog.jp,Female,23.22.200.81,158.29.131.43,3.59.33.150
167,Garvey,Brobeck,gbrobeck4m@cdc.gov,Polygender,142.168.60.35,239.108.104.113,24.155.83.143
168,Ashlee,Goulding,agoulding4n@amazon.com,Male,41.244.115.177,69.42.195.34,169.76.145.19
169,Anselma,Stut,astut4o@123-reg.co.uk,Genderqueer,199.174.4.126,3.242.130.234,231.175.166.164
170,Garrot,Latham,glatham4p@hubpages.com,Female,220.0.128.178,78.77.55.212,49.72.165.107
171,Beilul,Frostdyke,bfrostdyke4q@loc.gov,Genderqueer,57.246.35.124,203.48.230.108,101.174.115.103
172,Giacopo,Roycroft,groycroft4r@reuters.com,Agender,104.253.105.18,167.172.208.45,66.106.141.193
173,Yves,Allbrook,yallbrook4s@state.gov,Polygender,27.89.239.112,8.101.194.94,197.147.35.106
174,Franny,Dargan,fdargan4t@uiuc.edu,Genderfluid,55.32.21.82,44.4.90.165,94.236.135.123
175,Sena,Kingdom,skingdom4u@hibu.com,Polygender,154.179.213.167,70.35.22.148,106.193.150.254
176,Quint,Taberer,qtaberer4v@springer.com,Male,107.203.212.0,210.106.79.253,15.60.51.158
177,Kimberlee,Nijssen,knijssen4w@jugem.jp,Genderfluid,186.23.66.240,238.38.199.18,104.101.85.218
178,Denni,Timmermann,dtimmermann4x@unicef.org,Genderfluid,182.31.91.67,79.92.230.20,105.108.50.65
179,Phillie,Beavors,pbeavors4y@pinterest.com,Non-binary,163.255.71.83,180.190.93.66,223.251.239.141
180,Clint,Emney,cemney4z@soup.io,Bigender,59.65.238.44,15.32.164.110,207.124.121.144
181,Judon,Berthod,jberthod50@so-net.ne.jp,Female,62.119.132.215,206.240.130.137,48.245.245.12
182,Arnie,Matiewe,amatiewe51@edublogs.org,Genderfluid,35.161.170.3,219.93.34.91,82.176.148.41
183,Laurent,Cunney,lcunney52@storify.com,Genderfluid,26.184.129.27,70.30.236.18,55.26.147.23
184,Jobyna,Mewha,jmewha53@java.com,Genderfluid,51.75.248.118,158.247.164.226,225.19.143.36
185,Norman,Dunthorne,ndunthorne54@edublogs.org,Female,218.191.206.173,238.232.220.206,151.153.9.217
186,Heath,Bales,hbales55@com.com,Genderqueer,24.232.116.106,121.27.176.155,219.39.100.224
187,Worden,Lowerson,wlowerson56@businessinsider.com,Male,184.242.59.62,197.25.254.114,14.150.100.134
188,Gusty,Bawles,gbawles57@booking.com,Non-binary,35.30.44.167,20.236.108.8,111.102.58.227
189,Sergio,Ledwitch,sledwitch58@npr.org,Non-binary,182.154.22.79,210.216.247.161,143.196.231.98
190,Matteo,Bridgland,mbridgland59@typepad.com,Agender,251.67.56.200,242.69.65.83,162.1.174.246
191,Klarika,Giroldi,kgiroldi5a@vistaprint.com,Polygender,141.159.47.82,96.250.173.109,106.244.228.151
192,Odey,Creed,ocreed5b@tuttocitta.it,Female,216.209.41.104,222.97.122.36,89.75.203.150
193,Ervin,Lote,elote5c@behance.net,Bigender,134.245.20.100,27.248.42.109,61.65.33.181
194,Claiborne,Bilbrey,cbilbrey5d@nymag.com,Bigender,248.158.145.243,189.236.68.91,15.52.101.221
195,Boone,Gamlin,bgamlin5e@joomla.org,Non-binary,63.110.185.85,243.253.140.222,160.251.158.27
196,Inge,Gramer,igramer5f@alibaba.com,Genderfluid,16.68.218.131,16.149.10.48,70.171.96.86
197,Giff,McCaskell,gmccaskell5g@edublogs.org,Female,242.61.96.15,120.43.49.237,196.231.166.143
198,Stacee,Stackbridge,sstackbridge5h@163.com,Non-binary,189.44.205.171,254.219.25.188,94.233.244.231
199,Olav,Applebee,oapplebee5i@free.fr,Male,250.100.241.117,22.79.192.90,155.223.101.60
200,Roch,Klesse,rklesse5j@xinhuanet.com,Non-binary,136.201.3.205,130.92.5.203,233.223.50.161
201,Ephraim,Bezzant,ebezzant5k@wix.com,Female,122.228.110.74,238.49.79.138,99.115.2.186
202,Coral,Castanaga,ccastanaga5l@newsvine.com,Genderqueer,140.74.4.83,61.40.65.8,107.217.248.70
203,Artie,Feldon,afeldon5m@over-blog.com,Bigender,89.220.1.83,58.79.54.12,37.168.88.218
204,Dorian,Matskiv,dmatskiv5n@accuweather.com,Male,117.79.114.163,6.60.132.64,153.183.226.41
205,Stanleigh,Killgus,skillgus5o@imageshack.us,Non-binary,63.20.42.247,53.246.73.113,159.121.120.78
206,Tedmund,Brahms,tbrahms5p@google.ru,Bigender,132.121.44.133,143.36.56.153,103.71.250.68
207,Nilson,Curnow,ncurnow5q@flickr.com,Male,179.85.83.112,115.167.94.164,46.87.132.74
208,Antonie,Russi,arussi5r@japanpost.jp,Non-binary,235.106.34.140,150.23.69.179,33.74.44.4
209,Homer,Westman,hwestman5s@technorati.com,Bigender,79.165.91.16,175.64.176.250,116.180.130.172
210,Ferdinande,McKeown,fmckeown5t@ihg.com,Non-binary,111.165.50.143,103.157.180.188,206.70.252.120
211,Inger,Fielders,ifielders5u@msu.edu,Genderfluid,142.10.65.120,60.245.19.150,206.99.126.147
212,Jeanette,O'Hengerty,johengerty5v@i2i.jp,Non-binary,7.75.194.124,127.226.137.94,244.37.78.63
213,Brigg,Lukianov,blukianov5w@artisteer.com,Agender,214.99.90.185,204.84.133.42,92.88.224.69
214,Carlyn,Hepher,chepher5x@nih.gov,Female,219.18.160.198,42.126.44.63,233.51.102.35
215,Oates,Jouhning,ojouhning5y@nbcnews.com,Male,231.171.177.6,150.141.104.137,35.123.145.189
216,Konrad,Locket,klocket5z@oracle.com,Non-binary,60.129.229.102,161.172.177.66,91.193.133.8
217,Sawyer,Molan,smolan60@desdev.cn,Polygender,86.164.242.109,83.44.77.183,94.17.46.41
218,Marvin,Bowller,mbowller61@indiatimes.com,Genderfluid,26.238.214.142,247.3.23.84,10.12.7.56
219,Aldin,O'Hartnett,aohartnett62@state.tx.us,Agender,94.135.218.172,174.1.113.136,63.140.177.185
220,Pennie,Gillean,pgillean63@dmoz.org,Genderfluid,150.137.19.205,36.85.202.132,122.246.142.202
221,Amil,Grewcock,agrewcock64@shareasale.com,Genderfluid,176.8.188.94,35.22.159.19,166.33.72.215
222,Mannie,Shotter,mshotter65@stumbleupon.com,Genderqueer,26.106.103.232,222.241.92.142,222.109.57.32
223,Issiah,Teresi,iteresi66@who.int,Non-binary,247.212.35.70,153.100.201.120,127.85.238.6
224,Wolfgang,Aylwin,waylwin67@blogspot.com,Non-binary,53.55.155.98,83.96.115.206,214.78.240.255
225,Chadd,Kytley,ckytley68@cpanel.net,Genderfluid,222.101.242.189,181.38.77.40,35.119.245.250
226,Durant,Baber,dbaber69@ox.ac.uk,Bigender,160.17.128.223,234.92.156.193,2.49.236.57
227,Quintin,Godleman,qgodleman6a@businessinsider.com,Male,120.215.63.199,69.94.14.200,22.178.50.173
228,Cher,Jacqueminet,cjacqueminet6b@pbs.org,Non-binary,48.183.75.19,246.56.241.194,157.4.49.196
229,Alfie,Antonin,aantonin6c@npr.org,Agender,126.174.52.214,207.139.215.29,217.180.161.229
230,Townsend,Stollenbecker,tstollenbecker6d@guardian.co.uk,Non-binary,197.43.126.17,198.48.100.127,100.142.10.249
231,Sergei,Morando,smorando6e@cbsnews.com,Bigender,135.181.157.99,71.164.62.14,199.156.58.225
232,Erena,Crinkley,ecrinkley6f@amazonaws.com,Genderqueer,118.79.199.72,56.222.149.172,117.209.67.142
233,Bobbye,Dray,bdray6g@digg.com,Male,90.237.89.29,140.205.186.27,163.177.40.116
234,Andeee,Crowdson,acrowdson6h@unblog.fr,Female,111.42.9.22,40.81.118.83,69.18.217.153
235,Brier,Ardling,bardling6i@ask.com,Agender,166.253.2.236,171.52.28.114,105.242.229.30
236,Codi,Roblett,croblett6j@hostgator.com,Polygender,174.178.169.192,35.34.112.235,120.137.69.147
237,Cordell,Godfroy,cgodfroy6k@dropbox.com,Agender,215.43.142.38,76.51.255.220,183.175.251.109
238,Pegeen,Aird,paird6l@ovh.net,Agender,2.89.200.121,16.80.83.238,19.154.227.118
239,Hewie,Howgego,hhowgego6m@nymag.com,Polygender,177.211.123.109,143.148.205.141,168.225.57.168
240,Emmet,Shere,eshere6n@addthis.com,Polygender,214.166.89.242,127.204.92.50,5.131.201.137
241,Kory,Trangmar,ktrangmar6o@blogger.com,Agender,245.146.228.102,199.186.125.174,233.124.50.192
242,Devy,Cromack,dcromack6p@smh.com.au,Male,33.185.133.102,211.176.218.19,63.123.21.152
243,Chris,California,ccalifornia6q@sbwire.com,Genderqueer,249.203.150.99,149.247.125.196,43.31.72.141
244,Hewett,Larciere,hlarciere6r@theatlantic.com,Female,167.49.24.69,44.153.215.39,18.67.163.99
245,Jo ann,Charpin,jcharpin6s@hao123.com,Genderfluid,227.103.169.194,22.50.60.198,220.142.100.54
246,Felicle,Grioli,fgrioli6t@1688.com,Genderqueer,193.153.59.198,93.253.150.3,8.153.157.255
247,Catha,Ardern,cardern6u@addtoany.com,Genderfluid,87.200.219.0,95.162.104.187,103.90.171.230
248,Nanon,Robshaw,nrobshaw6v@slashdot.org,Female,57.83.79.235,66.30.15.214,87.64.160.54
249,Nolana,Greatrex,ngreatrex6w@woothemes.com,Non-binary,149.132.108.222,211.69.203.120,60.3.121.219
250,Dougie,Muat,dmuat6x@bluehost.com,Male,220.145.92.197,26.79.5.26,69.126.72.159
251,Ebenezer,Thaxter,ethaxter6y@aol.com,Non-binary,109.108.88.252,57.253.250.73,147.141.157.80
252,Rosene,Snedden,rsnedden6z@woothemes.com,Female,111.124.250.165,255.114.68.229,42.223.90.119
253,Peyter,Cotgrave,pcotgrave70@stanford.edu,Agender,224.47.177.196,162.192.93.39,189.1.185.101
254,Sollie,Enders,senders71@stanford.edu,Polygender,14.60.212.133,197.100.112.101,207.118.17.213
255,Verene,Silverton,vsilverton72@umn.edu,Polygender,111.227.182.12,223.85.162.157,15.226.64.94
256,Francoise,Frusher,ffrusher73@jigsy.com,Agender,160.249.220.234,17.207.133.3,173.90.90.140
257,Dalli,Sabey,dsabey74@bloomberg.com,Genderfluid,10.165.223.7,198.12.0.137,167.246.156.177
258,Milena,Ever,mever75@shutterfly.com,Female,255.10.36.167,224.84.120.53,78.58.169.225
259,Liva,Beresford,lberesford76@mozilla.org,Bigender,21.59.180.107,13.191.168.64,221.100.130.202
260,Gratiana,Malicki,gmalicki77@yellowbook.com,Genderqueer,114.73.197.33,234.241.79.150,186.28.239.122
261,Sharyl,Turbat,sturbat78@cocolog-nifty.com,Genderfluid,27.121.203.65,39.0.128.229,245.237.13.199
262,Ramona,Featherston,rfeatherston79@usgs.gov,Non-binary,117.165.4.91,54.25.248.73,44.41.44.57
263,Ryan,Purcer,rpurcer7a@yolasite.com,Bigender,155.53.200.153,133.245.133.140,51.254.136.63
264,Jackquelin,Sackler,jsackler7b@cmu.edu,Genderfluid,116.35.193.97,74.25.188.198,231.187.191.201
265,Keene,Kennealy,kkennealy7c@mapquest.com,Female,207.3.9.6,10.78.103.196,170.132.101.67
266,Demetris,Cathie,dcathie7d@sakura.ne.jp,Genderqueer,238.196.121.253,64.216.246.176,104.80.58.123
267,Mead,Rickaert,mrickaert7e@flickr.com,Female,41.77.154.75,70.241.101.36,153.242.44.186
268,Annabela,Pessel,apessel7f@google.fr,Non-binary,119.51.49.232,126.68.77.198,136.107.225.151
269,Mariska,Branche,mbranche7g@nbcnews.com,Genderqueer,103.52.248.185,123.127.144.38,1.44.4.135
270,Reggie,Quinane,rquinane7h@mozilla.com,Bigender,247.104.81.113,162.50.166.102,139.137.210.62
271,Freddi,Herety,fherety7i@wordpress.org,Genderfluid,220.97.162.111,220.252.240.2,211.119.180.131
272,Natty,Kaemena,nkaemena7j@ycombinator.com,Genderfluid,123.181.143.60,141.243.114.195,3.71.138.189
273,Clovis,Axon,caxon7k@newyorker.com,Bigender,204.127.89.112,162.226.202.35,244.216.174.142
274,Ayn,Olczak,aolczak7l@storify.com,Non-binary,75.187.96.61,239.144.56.170,16.199.198.215
275,Adaline,Fountian,afountian7m@yellowpages.com,Non-binary,206.113.177.135,173.158.192.68,49.75.32.2
276,Tomasina,Marquez,tmarquez7n@soup.io,Genderqueer,118.67.29.38,202.68.60.201,204.205.142.112
277,Raeann,Speeding,rspeeding7o@unc.edu,Genderqueer,96.131.179.8,114.23.183.255,36.246.253.197
278,Jonas,Habishaw,jhabishaw7p@youtu.be,Genderqueer,38.172.250.107,47.70.203.195,180.7.205.76
279,Armstrong,Foulsham,afoulsham7q@hubpages.com,Polygender,207.107.217.93,46.218.161.34,177.199.137.239
280,Agnella,Scade,ascade7r@friendfeed.com,Bigender,88.25.24.223,11.102.244.48,36.167.9.9
281,Amity,Freddi,afreddi7s@cnbc.com,Male,27.83.82.252,18.207.212.130,60.204.151.141
282,Daphna,Stealey,dstealey7t@wisc.edu,Male,96.245.175.147,144.179.67.11,239.121.189.241
283,Ruperto,Livoir,rlivoir7u@mediafire.com,Non-binary,113.39.144.170,217.52.200.112,171.86.35.204
284,Elisabet,Emer,eemer7v@ted.com,Genderfluid,215.46.1.192,234.159.6.136,7.51.240.13
285,Carrie,Vittore,cvittore7w@cargocollective.com,Bigender,243.204.31.205,28.29.120.196,90.181.24.19
286,Chrissy,Frostdicke,cfrostdicke7x@columbia.edu,Male,218.181.223.99,135.137.8.3,112.159.249.188
287,Isa,Prenty,iprenty7y@princeton.edu,Male,26.239.70.181,226.111.199.162,153.29.72.1
288,Mallory,Wallett,mwallett7z@unc.edu,Genderqueer,244.197.104.233,140.192.102.111,164.25.98.76
289,Thain,Schwier,tschwier80@prnewswire.com,Male,182.113.236.244,223.150.145.21,223.62.156.208
290,Dasi,Ebhardt,debhardt81@huffingtonpost.com,Genderfluid,238.195.247.59,107.114.166.88,51.52.24.201
291,Van,Dalziel,vdalziel82@hugedomains.com,Non-binary,203.105.33.108,96.106.134.13,228.196.212.61
292,Jay,Guise,jguise83@networkadvertising.org,Genderqueer,126.163.239.145,48.198.96.223,93.15.234.143
293,Delcine,Ventom,dventom84@mlb.com,Non-binary,245.110.131.234,101.214.97.142,119.195.153.169
294,Hedwig,Robertsson,hrobertsson85@google.co.uk,Male,228.206.162.172,251.21.18.205,88.231.187.246
295,Tobe,Fitzmaurice,tfitzmaurice86@indiatimes.com,Bigender,60.127.236.244,69.182.101.65,125.103.227.95
296,Ardella,McMychem,amcmychem87@redcross.org,Polygender,35.67.97.82,156.146.220.167,189.177.121.116
297,Udell,Grzes,ugrzes88@epa.gov,Male,141.107.104.247,33.11.0.60,158.251.61.227
298,Leonidas,Cringle,lcringle89@amazon.de,Male,219.214.31.49,105.63.172.254,244.88.5.72
299,Aarika,Greenrodd,agreenrodd8a@alibaba.com,Genderqueer,183.146.69.59,152.155.22.144,208.65.235.119
300,Siobhan,Wolfart,swolfart8b@histats.com,Male,250.77.212.205,253.41.156.195,170.2.63.16
301,Jenine,Daintree,jdaintree8c@washingtonpost.com,Bigender,239.167.1.102,37.36.193.29,157.216.66.77
302,Constantine,Bean,cbean8d@zimbio.com,Genderqueer,113.99.27.228,126.108.250.147,132.231.7.148
303,Maitilde,McTeague,mmcteague8e@comcast.net,Polygender,223.122.253.26,97.9.169.128,70.75.167.223
304,Percival,Blades,pblades8f@printfriendly.com,Agender,18.192.157.143,17.150.125.64,219.37.28.141
305,Elsworth,Goude,egoude8g@macromedia.com,Non-binary,94.201.24.48,173.122.190.179,85.197.125.238
306,Frants,Fernan,ffernan8h@berkeley.edu,Male,29.106.111.108,197.107.92.45,156.97.119.96
307,Robyn,Peabody,rpeabody8i@reddit.com,Polygender,76.117.171.250,58.185.123.202,253.77.40.184
308,Zebedee,Linzee,zlinzee8j@home.pl,Non-binary,187.149.212.146,7.88.188.225,60.224.248.76
309,Desi,Glyssanne,dglyssanne8k@indiegogo.com,Male,168.226.225.67,24.137.103.219,66.127.235.193
310,Jaime,Cawthron,jcawthron8l@ed.gov,Female,58.122.88.207,109.227.204.238,149.28.125.169
311,Sonnie,Sclanders,ssclanders8m@washington.edu,Polygender,162.36.241.145,122.158.0.247,1.123.182.162
312,Malia,McGrory,mmcgrory8n@eventbrite.com,Genderfluid,194.37.35.179,61.119.18.135,2.159.160.230
313,Nonie,Rosnau,nrosnau8o@weebly.com,Non-binary,179.31.63.125,162.184.32.63,122.46.130.43
314,Eve,Carbett,ecarbett8p@cdbaby.com,Male,74.96.223.170,180.93.255.128,187.112.217.20
315,Parry,Bente,pbente8q@reddit.com,Bigender,25.98.122.183,190.64.174.94,98.141.102.203
316,Berthe,Tewkesberrie,btewkesberrie8r@liveinternet.ru,Female,8.48.193.218,145.227.154.147,111.200.85.90
317,Arron,Mirfield,amirfield8s@economist.com,Bigender,168.81.143.67,75.41.21.197,234.230.61.95
318,Delaney,Donald,ddonald8t@hud.gov,Female,115.209.26.112,153.8.122.67,204.230.111.62
319,Annalise,Maliphant,amaliphant8u@squarespace.com,Agender,149.179.186.244,28.78.248.41,121.212.33.251
320,Claudetta,Melmar,cmelmar8v@pinterest.com,Non-binary,45.179.68.163,242.176.204.225,100.155.71.125
321,Elvera,Knapton,eknapton8w@unc.edu,Genderqueer,121.27.34.167,97.38.177.223,169.130.180.40
322,Maegan,Dearness,mdearness8x@comsenz.com,Female,161.228.56.1,199.96.187.122,178.30.255.12
323,Juana,McTavy,jmctavy8y@webnode.com,Agender,139.171.22.73,78.73.61.131,214.227.217.91
324,Gregory,Konmann,gkonmann8z@nyu.edu,Polygender,165.225.100.145,12.212.42.163,7.61.46.23
325,Lily,Morriarty,lmorriarty90@businessweek.com,Genderfluid,169.216.161.180,163.153.100.204,232.183.5.57
326,Waylen,Cogar,wcogar91@springer.com,Female,180.114.31.169,47.214.178.74,203.209.148.255
327,Pooh,Mullany,pmullany92@google.pl,Bigender,130.128.136.229,195.101.239.254,212.151.111.183
328,Jason,Starsmore,jstarsmore93@exblog.jp,Female,150.85.104.162,225.195.181.156,63.85.242.96
329,Estel,Daventry,edaventry94@kickstarter.com,Non-binary,113.25.148.110,122.241.210.81,6.50.223.234
330,Emile,Itscowicz,eitscowicz95@uiuc.edu,Polygender,98.172.76.234,144.103.172.35,202.82.253.237
331,Margalo,De Blasio,mdeblasio96@google.com.br,Genderfluid,29.133.25.200,97.143.49.38,66.5.60.56
332,Rourke,Gower,rgower97@amazon.com,Agender,151.52.0.158,162.80.32.213,205.240.252.13
333,Dirk,Jaeggi,djaeggi98@godaddy.com,Agender,219.20.13.48,48.7.52.238,242.31.117.31
334,Dahlia,Greir,dgreir99@4shared.com,Male,172.89.110.83,254.89.167.45,251.95.161.14
335,Hank,Blase,hblase9a@histats.com,Bigender,193.225.24.200,202.250.121.153,31.118.235.234
336,Winny,Wilds,wwilds9b@pcworld.com,Genderqueer,76.215.173.173,153.207.222.189,236.176.109.30
337,Antonetta,Stoad,astoad9c@webs.com,Male,102.10.175.28,114.157.136.149,3.77.13.198
338,Mabelle,Edmed,medmed9d@mtv.com,Genderfluid,74.155.204.21,98.35.255.112,213.115.67.69
339,Dedie,Trye,dtrye9e@edublogs.org,Genderqueer,59.8.218.91,82.102.144.218,197.160.185.72
340,Abbe,Bark,abark9f@intel.com,Male,115.30.27.47,51.4.180.200,116.61.151.227
341,Carolan,Vido,cvido9g@pcworld.com,Non-binary,83.61.76.41,5.19.224.180,127.61.246.233
342,Harcourt,Passion,hpassion9h@engadget.com,Female,104.206.197.84,19.208.92.197,49.30.121.7
343,Page,Smith,psmith9i@flavors.me,Female,95.119.88.231,127.69.213.107,252.45.61.180
344,Deva,Lobell,dlobell9j@msu.edu,Non-binary,174.224.55.55,73.78.26.141,134.119.24.102
345,Erny,Llewellyn,ellewellyn9k@ezinearticles.com,Male,46.83.37.105,184.181.85.76,251.65.165.6
346,Kamila,Gammie,kgammie9l@symantec.com,Female,127.182.226.213,3.193.116.114,20.121.8.176
347,Adara,Moores,amoores9m@odnoklassniki.ru,Agender,219.134.174.193,37.118.90.98,228.203.224.87
348,Angelika,Pendrick,apendrick9n@prlog.org,Genderfluid,233.209.244.156,218.0.243.8,236.125.37.139
349,Emlynn,Wisden,ewisden9o@reddit.com,Bigender,124.161.69.107,102.164.43.39,78.255.116.95
350,Jacintha,Brunn,jbrunn9p@networksolutions.com,Agender,60.201.92.25,81.226.84.198,39.231.55.14
351,Marcella,Iskov,miskov9q@toplist.cz,Genderqueer,121.239.82.22,194.206.112.236,157.33.151.150
352,Gilbertina,Thirlaway,gthirlaway9r@feedburner.com,Non-binary,112.252.116.108,209.166.247.252,11.117.60.140
353,Culver,Jonke,cjonke9s@icio.us,Non-binary,1.231.110.180,101.102.156.219,245.227.223.127
354,Dorelia,McCrea,dmccrea9t@domainmarket.com,Genderqueer,156.86.161.46,38.66.221.238,220.77.158.86
355,Marylin,Wintersgill,mwintersgill9u@statcounter.com,Agender,195.59.57.248,23.241.139.1,228.124.78.27
356,Marcelline,Fritschmann,mfritschmann9v@networksolutions.com,Genderfluid,112.53.174.124,231.14.250.255,235.196.151.5
357,Inesita,Staunton,istaunton9w@blogger.com,Female,62.223.231.253,117.4.234.229,140.75.34.2
358,Pennie,Crayton,pcrayton9x@sitemeter.com,Male,131.50.136.15,103.254.73.215,166.137.31.207
359,Raul,Guiver,rguiver9y@ucla.edu,Female,15.83.216.145,111.113.217.10,15.172.79.63
360,Harald,McQuorkel,hmcquorkel9z@pen.io,Genderqueer,209.10.250.106,13.245.166.185,192.36.174.62
361,Madelene,Sweetlove,msweetlovea0@shareasale.com,Polygender,27.24.85.84,111.241.211.85,228.253.49.221
362,Edward,Hanney,ehanneya1@netlog.com,Polygender,137.152.19.47,222.97.202.178,112.86.63.103
363,Lyn,Ostridge,lostridgea2@thetimes.co.uk,Genderqueer,72.94.84.249,158.249.154.50,102.57.124.13
364,Natalina,Skotcher,nskotchera3@archive.org,Agender,46.151.39.69,201.100.98.123,116.201.177.118
365,Bancroft,Duberry,bduberrya4@posterous.com,Female,77.220.167.190,176.126.233.230,28.229.218.27
366,Anatole,Labusch,alabuscha5@paypal.com,Genderqueer,60.216.96.81,236.46.172.93,12.15.191.219
367,Debora,Purple,dpurplea6@sphinn.com,Bigender,58.132.29.199,186.168.115.56,35.34.174.78
368,Donovan,O'Rourke,dorourkea7@mozilla.org,Female,120.226.217.0,255.96.238.215,55.30.166.171
369,Leena,MacUchadair,lmacuchadaira8@independent.co.uk,Male,242.201.175.186,211.99.153.132,133.50.181.9
370,Gabi,Pappi,gpappia9@kickstarter.com,Male,151.201.77.9,154.60.0.234,177.184.233.232
371,Lou,Kinglesyd,lkinglesydaa@imageshack.us,Genderfluid,5.11.247.134,47.229.186.238,102.45.146.49
372,Archie,Williscroft,awilliscroftab@cbc.ca,Polygender,235.209.178.41,159.46.23.33,236.219.48.253
373,Elke,Long,elongac@va.gov,Female,207.251.12.254,236.65.151.123,56.199.163.92
374,Chandler,Sole,csolead@sphinn.com,Non-binary,129.234.239.210,202.120.8.144,116.39.184.19
375,Ken,Hannond,khannondae@last.fm,Male,243.117.188.137,213.168.185.166,181.192.227.101
376,Filberto,Donohoe,fdonohoeaf@mysql.com,Non-binary,242.15.81.168,33.148.80.215,46.102.17.124
377,Barde,Joost,bjoostag@shutterfly.com,Male,180.231.251.47,203.197.136.4,127.46.212.58
378,Madge,Spawforth,mspawforthah@house.gov,Agender,1.163.46.112,129.33.179.163,72.57.12.235
379,Sancho,Ellerington,selleringtonai@dot.gov,Male,96.183.215.37,168.9.174.46,22.148.56.177
380,Beryl,Mathissen,bmathissenaj@slashdot.org,Genderqueer,85.228.216.37,99.50.26.15,86.232.1.26
381,Faustine,Haylock,fhaylockak@imdb.com,Polygender,218.142.67.30,142.243.193.82,61.186.144.110
382,Cordy,Pedri,cpedrial@livejournal.com,Female,17.54.101.254,106.152.30.87,122.190.195.229
383,Adriena,Aindrais,aaindraisam@devhub.com,Bigender,45.30.85.64,107.216.171.223,100.99.108.228
384,Noelle,Falconbridge,nfalconbridgean@amazonaws.com,Non-binary,184.23.110.96,240.91.147.174,178.94.254.91
385,Marsiella,Chrestien,mchrestienao@accuweather.com,Agender,242.247.67.14,158.240.181.52,66.113.2.218
386,Briano,Mandifield,bmandifieldap@archive.org,Female,50.240.22.139,105.240.49.122,20.97.0.58
387,Sarine,Ingre,singreaq@patch.com,Polygender,41.98.241.89,203.108.29.19,198.168.167.160
388,Hunter,Trenear,htrenearar@homestead.com,Female,37.245.143.174,132.116.143.228,124.71.201.120
389,Ade,Kinnaird,akinnairdas@ycombinator.com,Agender,205.214.40.37,233.141.254.139,90.238.62.45
390,Sibyl,Hew,shewat@samsung.com,Female,30.27.138.18,48.215.230.240,240.180.32.164
391,Angelico,Pooke,apookeau@dmoz.org,Agender,98.190.237.139,226.223.175.125,90.181.217.183
392,Monty,Brosenius,mbroseniusav@wikispaces.com,Genderfluid,56.77.205.177,189.72.224.80,90.127.180.98
393,Anette,Iaduccelli,aiaduccelliaw@themeforest.net,Genderfluid,201.86.162.124,83.23.180.98,123.64.205.78
394,Antonius,Brokenshire,abrokenshireax@shinystat.com,Agender,159.184.37.47,44.50.196.139,77.124.149.75
395,Olenolin,Farry,ofarryay@usa.gov,Genderqueer,46.51.115.27,189.126.197.215,53.175.170.104
396,Penn,Denisyev,pdenisyevaz@naver.com,Genderqueer,133.17.133.18,74.79.125.40,97.203.50.84
397,Milly,Grandisson,mgrandissonb0@biglobe.ne.jp,Genderfluid,17.61.64.55,106.154.71.196,83.132.74.90
398,Merrie,Lattos,mlattosb1@time.com,Genderqueer,236.155.248.29,170.21.242.87,17.48.15.6
399,Blaire,Mauvin,bmauvinb2@quantcast.com,Polygender,229.143.18.253,96.107.130.229,252.96.238.53
400,Winfield,Boarleyson,wboarleysonb3@soup.io,Polygender,235.148.168.22,231.4.82.83,71.142.69.202
401,Corliss,Rate,crateb4@a8.net,Agender,223.204.110.180,8.128.82.103,115.62.112.42
402,Hamid,Alesio,halesiob5@free.fr,Agender,28.31.94.94,105.27.87.135,40.130.58.221
403,Mischa,Yakuntsov,myakuntsovb6@moonfruit.com,Bigender,20.194.202.149,246.28.211.179,81.152.43.192
404,Ardella,Clorley,aclorleyb7@wikia.com,Genderfluid,196.232.47.206,51.61.159.251,139.46.2.33
405,Judye,Bourke,jbourkeb8@aol.com,Agender,11.68.165.139,131.116.64.114,242.97.81.58
406,Brynn,Duffield,bduffieldb9@google.ru,Bigender,129.152.10.252,208.184.187.59,116.73.230.116
407,Garey,MacLeese,gmacleeseba@forbes.com,Genderqueer,157.187.75.193,144.149.136.125,222.38.166.23
408,Chrissy,Rupert,crupertbb@yale.edu,Agender,228.143.190.29,98.171.64.119,45.187.81.241
409,Elita,McKeran,emckeranbc@jigsy.com,Male,42.22.89.232,169.255.38.246,93.170.152.149
410,Joshia,Matei,jmateibd@scientificamerican.com,Polygender,121.92.28.218,178.77.83.142,12.156.216.111
411,Laurens,Chesher,lchesherbe@jigsy.com,Genderqueer,129.225.131.25,138.24.134.79,242.44.226.241
412,Deloria,Caustick,dcaustickbf@oracle.com,Polygender,107.5.52.37,84.126.17.228,39.202.92.169
413,Maureene,Blenkinship,mblenkinshipbg@twitpic.com,Non-binary,44.64.86.173,202.145.120.14,209.225.62.54
414,Tina,Smolan,tsmolanbh@webeden.co.uk,Non-binary,246.157.143.248,48.152.95.248,159.220.208.147
415,Beauregard,Croutear,bcroutearbi@bravesites.com,Agender,123.220.102.231,240.196.189.68,20.16.239.74
416,Caye,Yu,cyubj@goodreads.com,Agender,18.248.161.22,212.38.153.157,218.222.197.24
417,Sara-ann,Terris,sterrisbk@moonfruit.com,Agender,155.153.52.95,26.108.174.66,112.201.112.110
418,Jarrid,Huntress,jhuntressbl@moonfruit.com,Non-binary,103.16.222.221,114.197.245.1,78.164.8.252
419,Ebonee,Polden,epoldenbm@irs.gov,Genderfluid,240.100.10.143,40.91.202.147,141.176.101.55
420,Bren,Maddams,bmaddamsbn@narod.ru,Female,68.153.59.191,23.24.19.168,26.109.125.50
421,Edgard,Bickerton,ebickertonbo@disqus.com,Male,225.74.221.70,119.186.72.168,221.164.139.99
422,Carolina,Mildenhall,cmildenhallbp@house.gov,Female,110.128.96.113,69.217.242.42,157.96.87.235
423,Loria,Attac,lattacbq@yelp.com,Non-binary,151.84.216.126,135.145.191.80,229.33.228.251
424,Aridatha,Mansfield,amansfieldbr@umn.edu,Bigender,255.199.141.1,198.129.152.86,188.69.185.131
425,Aland,Barnham,abarnhambs@qq.com,Male,39.43.206.75,213.135.251.133,191.9.117.171
426,Garik,Pepye,gpepyebt@google.it,Polygender,77.89.222.93,174.100.74.56,205.193.188.96
427,Alida,Breckwell,abreckwellbu@acquirethisname.com,Female,91.171.190.204,196.121.56.179,1.239.169.209
428,Winston,Whitticks,wwhitticksbv@symantec.com,Genderqueer,64.9.177.132,251.145.150.228,228.81.81.72
429,Rayner,Doornbos,rdoornbosbw@amazon.co.jp,Non-binary,108.182.221.55,50.124.152.180,132.159.121.148
430,Sinclare,Alkin,salkinbx@nature.com,Male,85.148.176.231,192.131.205.188,153.60.235.242
431,Netty,Pursey,npurseyby@boston.com,Agender,56.57.187.0,204.97.211.135,22.206.100.125
432,Kipp,Wreak,kwreakbz@nhs.uk,Bigender,10.20.14.241,138.17.86.68,187.125.142.209
433,Lynett,Massard,lmassardc0@mapquest.com,Agender,70.80.242.105,230.80.89.85,203.66.67.190
434,Linus,Middleweek,lmiddleweekc1@artisteer.com,Male,130.203.78.3,172.231.222.151,126.124.1.98
435,Cristin,Muggleton,cmuggletonc2@yahoo.com,Genderqueer,29.14.57.70,139.46.7.207,185.96.86.235
436,Franni,Winspurr,fwinspurrc3@dedecms.com,Female,145.35.19.242,126.216.170.33,197.63.156.41
437,Barthel,Wickey,bwickeyc4@123-reg.co.uk,Genderqueer,1.42.1.12,125.142.62.115,212.87.169.131
438,Nariko,Ackerley,nackerleyc5@opensource.org,Agender,197.251.247.106,218.214.60.189,83.137.6.219
439,Morlee,Connett,mconnettc6@shutterfly.com,Genderfluid,81.43.59.35,90.79.123.205,48.34.38.21
440,Mitchell,Bursnell,mbursnellc7@independent.co.uk,Polygender,64.61.7.190,154.54.12.174,0.124.126.141
441,Guinna,Fearney,gfearneyc8@spotify.com,Female,225.205.94.39,227.109.211.68,6.109.32.131
442,Brigida,Seiller,bseillerc9@nydailynews.com,Non-binary,223.249.62.96,126.209.42.213,230.190.178.157
443,Carley,Oehme,coehmeca@blog.com,Male,84.75.72.152,68.24.239.9,180.163.167.104
444,Philippine,Moules,pmoulescb@huffingtonpost.com,Genderqueer,89.239.50.192,111.217.101.116,27.59.201.148
445,Magnum,Rives,mrivescc@canalblog.com,Genderqueer,148.73.144.154,143.33.117.163,146.35.142.38
446,Rubin,Risbridger,rrisbridgercd@histats.com,Non-binary,69.104.2.106,88.22.7.81,55.137.138.97
447,Noah,Atchly,natchlyce@state.gov,Genderqueer,94.106.117.168,50.174.234.6,162.73.114.7
448,Rourke,Hise,rhisecf@blogspot.com,Male,220.191.160.126,157.91.0.71,84.234.32.80
449,Burl,Coopper,bcooppercg@creativecommons.org,Agender,203.181.44.141,168.145.52.212,63.250.147.178
450,Xylina,Wildgoose,xwildgoosech@geocities.com,Female,197.139.76.41,188.75.106.22,71.125.123.203
451,Norris,Oates,noatesci@springer.com,Male,103.77.96.210,131.163.75.78,78.46.74.104
452,Caryn,Gornar,cgornarcj@e-recht24.de,Bigender,214.213.91.27,118.81.250.76,172.92.171.6
453,Devan,Curee,dcureeck@i2i.jp,Agender,252.187.236.157,239.237.71.120,230.202.251.14
454,Batholomew,Dono,bdonocl@4shared.com,Male,110.180.22.156,1.242.141.44,41.174.210.123
455,Jorry,Newvill,jnewvillcm@aboutads.info,Agender,243.186.225.147,59.184.53.120,187.52.4.135
456,Marlene,Bestar,mbestarcn@springer.com,Genderfluid,117.141.250.255,121.153.218.111,165.41.106.59
457,Nanine,Haruard,nharuardco@quantcast.com,Bigender,9.140.7.41,155.214.103.99,152.216.218.203
458,Sunshine,MacDougal,smacdougalcp@toplist.cz,Genderqueer,61.166.112.159,161.97.60.156,120.138.182.187
459,Joye,Winwright,jwinwrightcq@ed.gov,Non-binary,234.208.80.105,233.0.34.12,115.229.23.190
460,Abram,Neicho,aneichocr@va.gov,Agender,65.137.219.113,3.143.236.143,150.63.9.97
461,Tabor,Greenlies,tgreenliescs@wikispaces.com,Genderqueer,158.240.105.115,229.91.140.140,2.246.215.222
462,Jordain,Berthome,jberthomect@businesswire.com,Female,102.193.157.0,144.175.219.24,198.195.54.138
463,Ty,Krolak,tkrolakcu@unesco.org,Polygender,194.22.122.255,11.5.240.165,215.227.33.105
464,Lexy,MacGregor,lmacgregorcv@google.co.uk,Male,70.136.174.144,218.236.20.45,38.19.246.6
465,Salvador,Calkin,scalkincw@zdnet.com,Polygender,58.5.29.152,228.5.136.225,199.34.20.128
466,Arther,Mathen,amathencx@ucsd.edu,Genderfluid,95.88.252.178,104.158.145.175,190.98.102.199
467,Carla,Olsen,colsency@blogtalkradio.com,Non-binary,169.167.239.84,119.238.162.217,142.64.73.150
468,Marion,Pridmore,mpridmorecz@comcast.net,Genderfluid,28.73.147.133,225.82.200.129,164.66.43.238
469,Elmer,Greensmith,egreensmithd0@usnews.com,Agender,225.30.198.217,140.85.183.118,37.49.153.111
470,Natalee,Scarrott,nscarrottd1@eventbrite.com,Bigender,25.24.94.180,214.100.131.202,158.168.98.211
471,Forrest,Herries,fherriesd2@adobe.com,Polygender,21.173.138.139,216.117.21.193,209.121.161.74
472,Bruce,Bulled,bbulledd3@pcworld.com,Genderfluid,154.214.131.107,248.130.108.208,77.13.119.95
473,Cecelia,Quantrill,cquantrilld4@domainmarket.com,Male,150.12.148.5,2.233.11.155,208.130.160.111
474,Virgil,Paulmann,vpaulmannd5@wordpress.org,Genderfluid,8.17.22.222,33.152.199.49,0.196.133.115
475,Merridie,Laverack,mlaverackd6@mashable.com,Male,149.234.145.9,81.177.244.167,177.219.240.12
476,Scotti,Lambis,slambisd7@china.com.cn,Non-binary,194.7.184.244,167.6.206.193,129.239.252.33
477,Brianne,Grayston,bgraystond8@51.la,Polygender,90.140.222.84,123.41.172.41,41.147.30.93
478,Loydie,Waskett,lwaskettd9@facebook.com,Genderfluid,58.89.75.162,85.136.227.210,150.54.113.193
479,Jory,Hush,jhushda@slideshare.net,Male,231.133.57.10,148.239.33.176,205.188.183.54
480,Florry,Couves,fcouvesdb@ow.ly,Polygender,217.13.211.121,45.116.41.241,207.65.209.141
481,Ervin,Kall,ekalldc@tuttocitta.it,Polygender,253.204.90.199,90.93.71.45,50.130.188.173
482,Rosalynd,McGhie,rmcghiedd@fc2.com,Genderfluid,168.73.160.54,183.165.72.226,203.3.133.99
483,Frederich,O'Cullen,focullende@fotki.com,Genderqueer,10.29.40.38,151.118.60.51,18.183.201.175
484,Ginger,Maass,gmaassdf@mlb.com,Agender,142.19.242.227,243.216.96.156,204.137.166.5
485,Claudian,Eouzan,ceouzandg@constantcontact.com,Non-binary,233.170.121.211,225.18.103.117,17.119.86.142
486,Nicolis,Stopford,nstopforddh@kickstarter.com,Female,58.203.85.176,34.196.176.144,235.247.209.217
487,Marla,Gianelli,mgianellidi@goodreads.com,Bigender,24.244.7.137,144.48.225.172,182.197.90.212
488,Horatia,Saggers,hsaggersdj@cloudflare.com,Agender,194.237.21.229,79.125.118.246,81.62.238.35
489,Carin,Gue,cguedk@princeton.edu,Genderfluid,133.49.105.237,182.57.195.67,53.34.236.68
490,Stoddard,Ivashintsov,sivashintsovdl@bbb.org,Genderfluid,7.156.59.39,199.231.102.244,244.16.121.251
491,Beckie,Quincey,bquinceydm@amazonaws.com,Male,230.90.48.182,21.216.239.230,27.202.91.143
492,Rhetta,Valentino,rvalentinodn@independent.co.uk,Non-binary,209.203.145.235,106.125.184.210,236.132.250.60
493,Valina,Booker,vbookerdo@cdc.gov,Genderfluid,104.251.33.178,93.167.143.214,206.137.251.182
494,Alicea,Kleehuhler,akleehuhlerdp@deliciousdays.com,Bigender,47.179.183.223,167.206.193.146,193.188.251.212
495,Billye,Dumbreck,bdumbreckdq@xinhuanet.com,Bigender,125.238.101.46,156.140.161.3,87.86.16.148
496,Carolus,Colecrough,ccolecroughdr@ucla.edu,Genderfluid,217.198.61.24,66.124.49.176,230.253.47.73
497,Kikelia,Passingham,kpassinghamds@ed.gov,Agender,163.224.158.84,202.54.116.250,247.67.132.242
498,Jaquenette,Ouldred,jouldreddt@mapy.cz,Genderfluid,174.93.229.59,181.254.130.119,89.58.29.129
499,Marie-ann,Philipp,mphilippdu@tripadvisor.com,Male,89.9.233.40,192.105.243.203,215.49.163.11
500,Cari,Aers,caersdv@walmart.com,Bigender,162.145.119.198,120.19.76.145,149.30.191.105
501,Ignaz,Mailes,imailesdw@t-online.de,Female,190.161.49.126,153.82.149.255,69.246.183.167
502,Shanda,Kimmings,skimmingsdx@usda.gov,Genderfluid,189.75.10.149,33.131.163.148,41.65.3.152
503,Chicky,Peascod,cpeascoddy@xinhuanet.com,Non-binary,89.124.191.64,80.228.135.191,175.27.142.248
504,Valentia,Moogan,vmoogandz@chronoengine.com,Non-binary,124.125.191.120,46.170.43.245,47.27.70.158
505,Dolph,Haddeston,dhaddestone0@slashdot.org,Genderqueer,145.131.165.111,75.158.0.105,223.12.242.146
506,Damita,Deedes,ddeedese1@mysql.com,Genderqueer,162.20.124.164,226.182.93.254,229.31.75.34
507,Elwin,Top,etope2@livejournal.com,Polygender,164.10.202.232,42.111.156.11,79.208.55.186
508,Alon,Chattaway,achattawaye3@jiathis.com,Bigender,232.68.121.149,73.8.9.146,216.206.17.103
509,Wald,Ransbury,wransburye4@skyrock.com,Bigender,73.141.14.9,191.27.1.240,84.189.128.2
510,Dennison,Fiddy,dfiddye5@cbc.ca,Genderfluid,188.192.252.156,106.84.141.237,131.13.114.147
511,Chrystal,Sleney,csleneye6@businesswire.com,Genderfluid,228.71.185.85,32.155.0.196,216.226.157.157
512,Gilbertina,Tutchener,gtutchenere7@imageshack.us,Bigender,228.198.6.237,58.78.162.86,209.75.114.239
513,Dimitri,Jones,djonese8@army.mil,Agender,83.59.62.251,71.147.124.171,50.204.184.69
514,Bengt,Rickis,brickise9@economist.com,Polygender,79.234.94.113,27.154.175.75,20.163.187.198
515,Aksel,Holburn,aholburnea@cocolog-nifty.com,Genderqueer,219.196.137.182,246.92.122.97,202.4.167.208
516,Ally,Siward,asiwardeb@deliciousdays.com,Non-binary,241.201.116.91,135.81.84.182,53.207.190.156
517,Cecelia,Pietrusiak,cpietrusiakec@noaa.gov,Non-binary,44.17.247.131,203.143.58.105,102.161.164.103
518,Gwyneth,Zettoi,gzettoied@theglobeandmail.com,Genderqueer,169.174.69.47,80.193.68.53,239.93.174.206
519,Christina,Honacker,chonackeree@pen.io,Female,188.63.169.99,161.211.38.178,196.227.233.110
520,Rafferty,Dunn,rdunnef@barnesandnoble.com,Genderqueer,203.75.165.170,230.150.16.202,126.41.28.240
521,Padraig,Goodin,pgoodineg@usgs.gov,Male,130.41.88.207,254.59.163.126,61.64.49.15
522,Maxwell,Snell,msnelleh@4shared.com,Female,222.196.218.152,221.88.201.134,197.41.21.77
523,Ly,Oak,loakei@indiegogo.com,Male,245.86.179.57,245.42.111.200,170.60.175.236
524,Chad,Phifer,cphiferej@baidu.com,Female,218.10.246.36,31.213.212.237,145.1.1.14
525,Corilla,Tatam,ctatamek@ustream.tv,Male,12.48.105.69,112.216.208.150,241.74.45.179
526,Roanna,Paulig,rpauligel@microsoft.com,Bigender,212.35.199.135,28.236.5.18,228.177.3.142
527,Tarah,Keirle,tkeirleem@simplemachines.org,Polygender,201.21.211.166,152.251.56.245,40.209.229.55
528,Shandeigh,Gullivan,sgullivanen@soup.io,Male,225.164.54.131,171.210.117.43,73.145.112.233
529,Lorene,Haycock,lhaycockeo@mit.edu,Genderqueer,34.92.216.29,136.98.113.154,156.57.77.77
530,Aube,Daldry,adaldryep@linkedin.com,Male,20.22.50.172,31.197.223.91,58.73.57.100
531,Gilbertina,Aronovich,garonovicheq@nps.gov,Non-binary,139.36.24.226,169.115.152.129,159.50.10.157
532,Freddy,Crecy,fcrecyer@statcounter.com,Polygender,56.68.217.30,117.130.138.20,25.227.21.83
533,Sarajane,Tooting,stootinges@nifty.com,Agender,248.149.209.102,188.226.207.46,22.4.20.130
534,Letisha,Gyer,lgyeret@fc2.com,Male,171.211.217.51,69.203.58.64,71.1.202.24
535,Marc,Chamney,mchamneyeu@pcworld.com,Female,161.51.54.125,110.120.248.207,153.110.13.154
536,Christina,Beckers,cbeckersev@skype.com,Male,161.163.170.52,74.111.229.177,234.127.244.105
537,Katinka,Janjic,kjanjicew@addthis.com,Agender,156.37.15.126,243.86.167.57,148.242.236.196
538,Cassaundra,Bisset,cbissetex@dot.gov,Female,107.254.184.166,34.5.100.49,52.40.229.218
539,Del,Agronski,dagronskiey@networksolutions.com,Polygender,37.130.210.193,84.123.236.146,94.69.143.159
540,David,Tabord,dtabordez@japanpost.jp,Female,10.67.97.167,132.121.146.101,0.26.85.204
541,Eric,Copperwaite,ecopperwaitef0@yandex.ru,Male,200.187.150.158,242.174.244.8,30.217.175.224
542,Myrtice,Henderson,mhendersonf1@tinypic.com,Polygender,224.31.199.120,30.231.52.2,174.203.190.161
543,Addi,Jans,ajansf2@google.ca,Male,2.84.221.237,40.112.152.189,166.67.36.180
544,Corie,Willshire,cwillshiref3@nhs.uk,Genderfluid,229.20.218.71,168.212.93.206,137.219.170.230
545,Antonin,Lye,alyef4@samsung.com,Male,42.157.99.193,95.138.83.69,239.30.78.151
546,Farrell,Giannasi,fgiannasif5@home.pl,Genderfluid,29.67.225.2,22.8.196.181,29.24.198.47
547,Athene,Orpen,aorpenf6@360.cn,Bigender,216.56.1.154,110.56.127.114,187.53.146.237
548,Antonie,Lissenden,alissendenf7@drupal.org,Genderqueer,202.255.85.210,238.222.189.224,248.136.50.199
549,Dieter,Eversfield,deversfieldf8@deliciousdays.com,Female,113.50.207.101,159.164.49.87,165.186.18.59
550,Jacinthe,Garter,jgarterf9@wunderground.com,Bigender,66.240.157.234,40.166.238.128,57.231.153.85
551,Thomasine,Mattusov,tmattusovfa@imgur.com,Non-binary,228.126.13.88,111.144.6.118,206.125.230.118
552,Orlan,Chittey,ochitteyfb@nationalgeographic.com,Polygender,180.9.63.171,124.203.73.105,59.213.240.156
553,Tate,Pillington,tpillingtonfc@nydailynews.com,Bigender,30.219.139.215,25.178.87.3,53.171.169.75
554,Padriac,Lyle,plylefd@e-recht24.de,Male,37.239.213.243,34.35.173.203,8.153.163.42
555,Ermengarde,MacDowal,emacdowalfe@xing.com,Genderfluid,240.82.235.65,119.136.55.78,245.235.192.199
556,Emily,Segge,eseggeff@mac.com,Polygender,130.168.14.127,76.82.46.67,63.104.249.69
557,Faye,Carlesso,fcarlessofg@netvibes.com,Genderfluid,25.54.160.28,181.165.80.100,25.160.180.79
558,Mara,Cleator,mcleatorfh@geocities.com,Bigender,238.225.103.163,29.250.120.209,84.248.224.250
559,Elianore,Forde,efordefi@bizjournals.com,Genderqueer,125.225.110.39,104.64.20.0,41.138.15.167
560,Beverlie,Verrell,bverrellfj@ebay.co.uk,Genderfluid,226.154.201.73,131.10.201.16,2.140.130.142
561,Jereme,Cunnell,jcunnellfk@arizona.edu,Non-binary,55.113.167.163,180.87.92.163,144.54.196.237
562,Rachele,Hothersall,rhothersallfl@myspace.com,Male,38.144.24.211,249.215.10.190,174.0.236.204
563,Mycah,Pettingill,mpettingillfm@skyrock.com,Non-binary,52.133.214.188,3.97.171.154,98.223.250.186
564,Lora,Ronnay,lronnayfn@patch.com,Bigender,19.47.99.88,38.29.29.54,7.6.229.89
565,Justinian,Legrand,jlegrandfo@soup.io,Genderfluid,57.97.118.105,204.93.218.118,65.122.191.147
566,Rosemary,Wrate,rwratefp@businesswire.com,Bigender,75.144.33.75,213.89.243.235,82.87.204.167
567,Stepha,Belle,sbellefq@ocn.ne.jp,Genderqueer,91.63.69.27,137.233.198.202,108.194.15.184
568,Lizabeth,Whitebrook,lwhitebrookfr@latimes.com,Bigender,201.113.70.99,139.166.253.151,84.152.63.141
569,Noemi,Reihm,nreihmfs@npr.org,Genderfluid,30.223.27.75,213.54.222.21,10.190.12.236
570,Nesta,Amsden,namsdenft@nba.com,Agender,8.28.115.147,111.178.110.41,49.31.231.177
571,Berti,Jailler,bjaillerfu@indiegogo.com,Non-binary,61.245.158.41,110.157.167.238,207.144.47.101
572,Kelci,Leftbridge,kleftbridgefv@feedburner.com,Agender,59.47.60.139,31.102.126.81,151.172.75.164
573,Liz,Skala,lskalafw@vistaprint.com,Bigender,223.1.112.236,61.121.188.75,229.178.186.93
574,Tiebout,Dunthorn,tdunthornfx@newyorker.com,Genderfluid,88.47.25.206,188.181.105.169,131.129.48.202
575,Leonard,McKernan,lmckernanfy@craigslist.org,Female,167.126.225.102,10.139.173.12,78.175.38.114
576,Rosemonde,Gerring,rgerringfz@harvard.edu,Bigender,203.229.72.1,2.59.135.13,119.15.176.65
577,Ricard,Siemandl,rsiemandlg0@amazonaws.com,Non-binary,108.245.149.56,10.25.34.208,26.248.33.82
578,Barr,Bails,bbailsg1@webnode.com,Genderfluid,63.211.96.109,100.227.2.254,209.171.239.180
579,Elva,Tremblet,etrembletg2@sciencedaily.com,Non-binary,194.14.123.249,0.31.247.20,193.46.141.15
580,Dinny,Taffurelli,dtaffurellig3@dmoz.org,Genderqueer,6.187.135.206,134.157.227.219,190.126.166.44
581,Shannon,Maciejewski,smaciejewskig4@pinterest.com,Agender,152.67.202.79,132.47.109.87,145.255.137.33
582,Desiri,Birdsey,dbirdseyg5@slate.com,Bigender,146.122.102.219,136.67.211.38,154.29.224.212
583,Beniamino,Pedican,bpedicang6@elegantthemes.com,Non-binary,74.140.81.95,237.103.60.34,50.77.235.71
584,Roxy,Ouver,rouverg7@census.gov,Bigender,170.164.69.203,32.238.69.219,176.220.157.191
585,Jillane,Rubertis,jrubertisg8@nsw.gov.au,Polygender,147.193.224.167,49.70.176.110,42.232.139.155
586,Tillie,Cory,tcoryg9@themeforest.net,Non-binary,92.171.124.107,185.251.161.95,14.243.205.30
587,Henriette,Schreiner,hschreinerga@nps.gov,Agender,246.136.166.91,239.108.224.65,197.170.110.59
588,Jaquith,Babst,jbabstgb@pen.io,Non-binary,10.180.4.186,221.221.62.122,60.198.181.73
589,Killian,MacCome,kmaccomegc@cnbc.com,Non-binary,133.24.211.25,187.184.251.155,34.155.10.243
590,Esra,Corbally,ecorballygd@hubpages.com,Female,195.229.29.22,168.42.135.54,44.163.54.213
591,Olav,Healings,ohealingsge@fastcompany.com,Polygender,171.225.135.120,74.223.25.136,62.159.73.86
592,Jon,Benitez,jbenitezgf@amazonaws.com,Non-binary,62.35.28.220,165.192.175.245,177.75.76.2
593,Biddie,Morman,bmormangg@infoseek.co.jp,Female,90.126.119.117,16.88.163.70,2.125.35.181
594,Imojean,O' Mulderrig,iomulderriggh@ucla.edu,Male,50.182.180.220,29.225.30.48,31.254.5.188
595,Teirtza,Nowell,tnowellgi@scientificamerican.com,Bigender,174.183.200.247,181.15.174.190,182.34.167.196
596,Sabina,Whittlesee,swhittleseegj@mit.edu,Genderqueer,156.134.123.57,171.134.187.196,169.220.39.250
597,Madella,Whitlock,mwhitlockgk@bbc.co.uk,Polygender,144.54.91.103,105.245.173.103,51.229.100.94
598,Silvie,Regler,sreglergl@weebly.com,Non-binary,46.134.96.45,128.136.237.185,15.58.60.145
599,Brandtr,Zanassi,bzanassigm@harvard.edu,Male,214.213.242.4,106.219.96.123,204.159.148.181
600,Meyer,Houldin,mhouldingn@devhub.com,Non-binary,47.153.62.67,190.242.20.77,159.117.86.84
601,Marlon,Bathoe,mbathoego@ning.com,Genderfluid,231.86.188.10,186.168.171.164,113.189.44.250
602,Mellisa,Cranch,mcranchgp@moonfruit.com,Bigender,31.109.5.185,58.85.190.87,148.108.19.154
603,Bat,Berardt,bberardtgq@indiatimes.com,Male,60.186.124.236,62.207.57.195,209.75.119.103
604,Marlena,Kordas,mkordasgr@businessweek.com,Female,204.236.74.21,14.121.239.34,111.52.26.114
605,Dare,Skudder,dskuddergs@cbsnews.com,Male,59.47.164.228,218.186.55.212,246.10.84.178
606,Keefer,Stonuary,kstonuarygt@spotify.com,Polygender,44.134.105.159,172.179.31.151,229.40.73.102
607,Scarface,Westerman,swestermangu@slideshare.net,Genderfluid,89.4.131.4,94.113.35.46,106.44.253.20
608,Jeniffer,Gamlin,jgamlingv@illinois.edu,Non-binary,73.15.47.240,56.31.238.165,69.106.86.247
609,Yancy,Hingeley,yhingeleygw@dropbox.com,Polygender,17.248.147.172,220.55.86.42,231.34.209.174
610,Gretal,Kidwell,gkidwellgx@google.ca,Polygender,41.124.224.161,198.141.189.120,138.108.254.67
611,Correy,Drugan,cdrugangy@washingtonpost.com,Polygender,213.55.163.169,44.80.188.156,62.106.185.221
612,Kelley,Dallmann,kdallmanngz@unicef.org,Polygender,63.219.205.60,7.181.30.162,48.61.255.210
613,Almeta,Klemps,aklempsh0@boston.com,Bigender,196.63.3.66,249.79.146.33,204.126.122.120
614,Tildy,Feltham,tfelthamh1@alexa.com,Polygender,84.159.208.2,147.190.46.163,223.211.180.58
615,Aeriela,Dressel,adresselh2@tiny.cc,Genderfluid,31.76.4.69,95.43.123.81,46.165.239.136
616,Aylmar,Maruska,amaruskah3@exblog.jp,Bigender,72.94.221.52,34.241.64.12,30.46.56.231
617,Lindsay,Lafayette,llafayetteh4@nba.com,Female,52.27.125.250,52.37.139.243,134.247.140.248
618,Timothea,Dahill,tdahillh5@woothemes.com,Bigender,171.37.180.145,191.8.180.45,254.93.74.43
619,Beale,Pinches,bpinchesh6@blogs.com,Genderfluid,199.136.100.12,252.104.27.22,250.48.67.112
620,Louisa,Waldie,lwaldieh7@dion.ne.jp,Female,237.14.253.207,108.248.148.142,68.219.49.185
621,Charil,Divers,cdiversh8@nps.gov,Agender,208.166.216.195,15.124.171.55,94.110.153.20
622,Irwin,Jelley,ijelleyh9@printfriendly.com,Genderfluid,220.50.187.13,68.39.253.58,58.234.47.19
623,Wendi,Scoffins,wscoffinsha@drupal.org,Genderqueer,166.83.26.166,103.41.190.130,194.169.103.202
624,Maurene,Burdytt,mburdytthb@is.gd,Genderqueer,182.109.177.10,84.200.93.253,201.20.92.209
625,Tommie,Aviss,tavisshc@ibm.com,Female,239.23.227.226,186.216.109.110,151.113.5.59
626,Ellsworth,Garfield,egarfieldhd@paginegialle.it,Male,149.141.83.27,189.207.230.18,172.192.50.13
627,Caesar,Kelsall,ckelsallhe@arstechnica.com,Genderfluid,75.15.91.102,231.192.41.182,34.231.43.70
628,Christan,Janecki,cjaneckihf@umich.edu,Genderfluid,57.176.88.91,98.71.43.209,109.226.122.9
629,Gabrila,O'Hogertie,gohogertiehg@newsvine.com,Agender,191.21.4.138,157.5.32.230,25.31.196.80
630,Molli,Phippen,mphippenhh@cisco.com,Genderqueer,73.121.16.188,202.63.9.114,196.222.31.255
631,Keriann,Sine,ksinehi@goo.gl,Genderfluid,31.132.104.229,238.90.168.141,123.187.93.205
632,Ivan,Tatam,itatamhj@domainmarket.com,Polygender,97.77.45.113,28.102.122.148,220.198.141.132
633,Charlot,Conradie,cconradiehk@mapy.cz,Genderqueer,211.2.242.125,73.141.239.149,210.131.184.5
634,Kayla,Downham,kdownhamhl@utexas.edu,Male,236.34.128.203,210.83.113.87,30.219.107.37
635,Jacquenette,Ostrich,jostrichhm@sogou.com,Non-binary,188.131.48.83,178.207.141.188,70.166.231.249
636,Charyl,Moffett,cmoffetthn@paginegialle.it,Non-binary,38.179.206.22,189.68.211.41,49.86.53.181
637,Faustina,Othen,fothenho@usa.gov,Male,108.237.255.61,88.236.46.27,224.55.62.244
638,Elbertina,Honeywood,ehoneywoodhp@answers.com,Genderfluid,248.188.146.110,106.19.169.196,100.82.200.57
639,Thorndike,Southworth,tsouthworthhq@merriam-webster.com,Non-binary,21.190.218.90,78.133.160.154,34.136.95.233
640,Nolie,Saldler,nsaldlerhr@4shared.com,Female,70.211.217.228,39.95.187.198,99.255.43.24
641,Ellerey,Peat,epeaths@wordpress.com,Polygender,138.248.206.212,161.27.22.29,208.32.29.254
642,Sadie,Cometson,scometsonht@devhub.com,Genderfluid,3.89.239.41,220.57.111.238,43.215.70.17
643,Calv,Bilbery,cbilberyhu@unblog.fr,Genderfluid,52.133.188.61,219.240.203.237,175.210.82.29
644,Delphinia,Lamberth,dlamberthhv@patch.com,Polygender,144.203.142.243,114.192.188.235,148.184.59.106
645,Willis,Haxley,whaxleyhw@macromedia.com,Agender,246.102.6.28,97.123.3.0,10.101.12.24
646,Zacharias,Heartfield,zheartfieldhx@umn.edu,Agender,46.231.164.72,227.29.5.152,161.76.75.240
647,Eduardo,Morkham,emorkhamhy@sogou.com,Polygender,45.236.131.47,223.159.235.41,54.230.160.56
648,Lemmie,Bellee,lbelleehz@fotki.com,Agender,73.94.174.35,244.105.88.60,228.82.165.81
649,Amalita,Fernier,afernieri0@indiegogo.com,Genderqueer,103.200.27.13,228.150.235.37,175.97.14.182
650,Sloan,Culbert,sculberti1@who.int,Female,58.9.72.165,235.69.64.226,225.3.138.90
651,Jocko,Skamal,jskamali2@cnbc.com,Genderfluid,13.142.125.144,146.20.232.53,13.67.202.222
652,Helge,Craiker,hcraikeri3@geocities.jp,Bigender,116.253.217.196,238.45.254.192,77.79.36.188
653,Con,Faunt,cfaunti4@ustream.tv,Female,9.20.204.85,94.155.243.213,143.8.60.220
654,Maxy,Donan,mdonani5@booking.com,Genderqueer,184.186.111.251,11.22.184.106,69.186.103.111
655,Sax,Filipchikov,sfilipchikovi6@myspace.com,Female,124.101.133.71,249.186.89.177,147.198.211.171
656,Barth,Sodeau,bsodeaui7@irs.gov,Non-binary,103.130.6.155,31.199.45.198,23.234.94.108
657,Marita,Wellfare,mwellfarei8@themeforest.net,Male,10.194.55.97,30.116.136.99,73.27.97.215
658,Stevie,Hasloch,shaslochi9@163.com,Male,100.162.101.189,231.140.57.161,85.60.247.236
659,Blythe,Fatharly,bfatharlyia@nature.com,Genderqueer,212.189.211.252,106.46.104.242,90.234.195.247
660,Kin,Ogley,kogleyib@cnet.com,Male,125.222.220.243,175.18.212.87,70.42.12.214
661,Marcellina,Soppit,msoppitic@storify.com,Non-binary,84.48.150.12,167.250.63.48,114.23.21.54
662,Meagan,Garci,mgarciid@vinaora.com,Female,252.96.98.66,162.91.117.100,39.72.191.189
663,Filip,Riddell,friddellie@squarespace.com,Agender,27.253.171.71,205.36.167.13,31.217.198.145
664,Ivar,Nickless,inicklessif@ehow.com,Genderqueer,209.179.4.135,41.229.211.67,42.132.240.4
665,Helge,Onions,honionsig@patch.com,Male,18.199.51.19,69.13.232.56,16.195.154.190
666,Horton,Skermer,hskermerih@wisc.edu,Male,193.30.130.205,100.69.203.42,232.130.70.87
667,Gertrud,Aery,gaeryii@1688.com,Female,200.240.226.142,74.175.120.246,170.243.212.4
668,Laurette,Parratt,lparrattij@admin.ch,Genderqueer,225.221.56.54,155.39.50.137,237.17.21.172
669,Marje,Mitford,mmitfordik@cafepress.com,Non-binary,198.213.130.105,225.195.71.196,251.116.56.95
670,Minnie,Ochterlonie,mochterlonieil@apple.com,Genderfluid,158.150.76.18,48.58.32.146,47.139.210.205
671,Gradey,Doucette,gdoucetteim@mac.com,Genderqueer,106.92.27.138,128.117.200.241,175.45.56.147
672,Karim,Howison,khowisonin@google.co.jp,Non-binary,249.152.90.142,98.73.177.193,161.72.185.142
673,Terza,Godfroy,tgodfroyio@webnode.com,Agender,78.71.0.250,74.180.146.179,187.232.106.101
674,Bellina,Rotherham,brotherhamip@nasa.gov,Male,89.25.127.218,197.225.150.125,40.239.2.52
675,Ruddy,Beaulieu,rbeaulieuiq@mac.com,Genderfluid,10.125.162.24,108.187.35.175,156.68.252.123
676,Dalila,Marion,dmarionir@hao123.com,Non-binary,148.3.111.100,204.177.110.143,148.188.57.236
677,Tonya,De la Eglise,tdelaegliseis@reverbnation.com,Polygender,113.202.228.88,180.94.211.245,84.134.179.255
678,Billy,Carrol,bcarrolit@telegraph.co.uk,Polygender,252.253.143.16,129.220.139.48,53.205.254.129
679,Ronda,Dahmke,rdahmkeiu@oakley.com,Agender,169.66.232.97,6.198.140.158,238.159.241.245
680,Guilbert,Dooland,gdoolandiv@mapy.cz,Male,239.172.98.46,164.235.210.182,10.185.67.90
681,Cathi,Fitchell,cfitchelliw@indiatimes.com,Non-binary,131.43.119.200,85.2.146.156,242.0.179.61
682,Simonette,Feldberger,sfeldbergerix@skyrock.com,Polygender,126.239.187.41,134.105.22.21,77.108.65.45
683,Jannel,Ahlf,jahlfiy@paypal.com,Non-binary,110.55.146.107,242.74.39.179,206.0.104.238
684,Kerianne,Fairfull,kfairfulliz@macromedia.com,Female,109.120.144.99,250.85.208.134,203.135.253.5
685,Stanton,Snazel,ssnazelj0@globo.com,Non-binary,144.185.186.146,92.84.20.75,38.34.234.105
686,Errol,Billson,ebillsonj1@skyrock.com,Genderqueer,245.186.105.38,226.11.68.128,111.159.249.79
687,Annadiane,Bolle,abollej2@yellowpages.com,Polygender,82.66.235.172,234.79.191.177,83.150.53.73
688,Tibold,Frame,tframej3@google.ru,Female,126.4.221.196,24.34.80.94,233.220.44.214
689,Marlo,Le Provost,mleprovostj4@nba.com,Genderqueer,8.140.33.119,43.56.182.5,19.102.141.203
690,Van,Lowden,vlowdenj5@cloudflare.com,Agender,140.26.180.77,215.43.11.159,100.73.55.132
691,Wendeline,Thorneywork,wthorneyworkj6@nps.gov,Genderfluid,159.202.224.145,71.136.226.127,148.165.188.30
692,Camille,Croster,ccrosterj7@dedecms.com,Non-binary,71.54.172.188,115.120.129.191,114.177.218.55
693,Janis,Bearne,jbearnej8@drupal.org,Polygender,123.204.186.153,134.200.44.195,39.106.61.68
694,Huberto,Lewerenz,hlewerenzj9@upenn.edu,Agender,76.73.211.51,196.38.235.200,26.30.210.248
695,Winnah,Hurdle,whurdleja@sciencedaily.com,Male,121.38.79.194,204.151.177.18,67.10.154.214
696,Durand,Ions,dionsjb@shop-pro.jp,Polygender,192.81.113.249,59.237.173.161,97.13.1.4
697,Stephie,Kybird,skybirdjc@slate.com,Male,232.202.237.82,138.82.19.213,131.79.159.108
698,Alva,Ledley,aledleyjd@exblog.jp,Female,159.57.17.219,31.145.77.56,81.118.23.171
699,Gare,Lorentzen,glorentzenje@timesonline.co.uk,Male,148.80.234.53,249.160.204.244,189.38.46.4
700,Paulita,Presshaugh,ppresshaughjf@cdc.gov,Genderfluid,10.10.194.192,58.97.107.112,90.240.15.178
701,Carolin,Hastler,chastlerjg@360.cn,Genderfluid,194.54.107.246,163.166.69.217,111.35.50.110
702,Krystle,Ickeringill,kickeringilljh@hao123.com,Genderqueer,182.206.69.32,14.237.222.188,95.51.23.245
703,Laurence,Pes,lpesji@oaic.gov.au,Polygender,175.29.198.180,131.197.9.189,107.49.234.220
704,Joellen,Caswell,jcaswelljj@vinaora.com,Bigender,235.100.82.101,18.173.218.240,221.11.116.80
705,Amitie,Buttfield,abuttfieldjk@techcrunch.com,Agender,190.70.194.16,123.195.47.58,123.151.168.189
706,Norine,Cuttelar,ncuttelarjl@topsy.com,Genderqueer,34.197.46.216,66.170.13.220,239.247.215.47
707,Zachariah,Jelf,zjelfjm@hhs.gov,Genderqueer,87.136.159.103,70.251.88.152,242.109.190.246
708,Keane,Ionesco,kionescojn@people.com.cn,Genderqueer,200.78.105.141,221.14.255.247,58.161.240.64
709,Kathe,Bodd,kboddjo@economist.com,Polygender,128.231.163.63,141.231.186.162,76.122.216.74
710,Hewitt,Tuckwood,htuckwoodjp@instagram.com,Polygender,217.175.19.179,86.169.34.47,145.54.45.100
711,Mason,Crook,mcrookjq@last.fm,Bigender,34.34.125.150,175.219.243.107,146.239.164.239
712,Jorrie,Morrilly,jmorrillyjr@microsoft.com,Genderqueer,171.122.45.95,77.26.230.52,133.190.177.191
713,Dorri,Clint,dclintjs@elegantthemes.com,Bigender,232.83.206.154,229.207.74.230,242.11.65.120
714,Sephira,Kerner,skernerjt@goo.ne.jp,Polygender,135.58.182.214,28.204.169.171,52.90.111.66
715,Margaretta,Morit,mmoritju@hc360.com,Bigender,232.74.84.83,225.127.233.249,172.38.178.85
716,Sidoney,Harmeston,sharmestonjv@loc.gov,Male,75.164.129.217,241.207.4.206,27.254.35.142
717,Serge,Bellson,sbellsonjw@nih.gov,Polygender,181.50.147.6,194.246.4.245,247.160.37.77
718,Corinne,Mayne,cmaynejx@state.gov,Male,230.205.66.62,39.10.48.50,97.119.86.157
719,Lola,Hinze,lhinzejy@psu.edu,Non-binary,134.20.129.47,39.67.240.249,215.214.86.87
720,Pierre,Sharma,psharmajz@xrea.com,Agender,4.234.143.65,245.16.26.91,243.105.221.213
721,Denver,Gladtbach,dgladtbachk0@mlb.com,Genderqueer,253.121.34.63,161.102.17.115,193.106.161.74
722,Morrie,Dowling,mdowlingk1@vk.com,Agender,87.63.173.142,193.71.87.62,208.78.197.193
723,Cherrita,Gaiger,cgaigerk2@mysql.com,Bigender,108.104.192.85,48.239.230.21,115.245.64.105
724,Tracie,Schwartz,tschwartzk3@biglobe.ne.jp,Agender,14.158.180.240,222.119.175.130,155.120.88.75
725,Iorgo,Josephi,ijosephik4@mlb.com,Polygender,160.69.114.129,197.236.197.115,233.251.123.32
726,Jennine,O'Lyhane,jolyhanek5@1und1.de,Female,42.22.244.166,179.139.66.175,106.168.46.222
727,Gwendolin,Harrold,gharroldk6@hud.gov,Genderqueer,131.133.209.245,208.133.96.65,77.222.147.120
728,Gaylord,Crews,gcrewsk7@themeforest.net,Agender,244.112.199.246,0.12.56.1,130.76.187.169
729,Vasili,Paik,vpaikk8@wired.com,Polygender,31.212.19.146,72.207.4.43,156.57.214.47
730,Demetris,McVicker,dmcvickerk9@opera.com,Genderfluid,198.37.108.203,158.107.37.73,108.52.173.86
731,Artemas,Bertouloume,abertouloumeka@blinklist.com,Bigender,15.152.0.51,42.222.209.129,154.149.81.21
732,Shara,Americi,samericikb@ucoz.ru,Non-binary,162.128.72.82,207.43.167.68,104.213.159.178
733,Koral,Farrington,kfarringtonkc@msu.edu,Female,0.28.48.104,11.215.77.193,122.54.13.190
734,Willis,Oakshott,woakshottkd@webeden.co.uk,Male,11.226.84.192,69.60.27.80,95.227.67.56
735,Colin,Hedgeley,chedgeleyke@ed.gov,Female,97.28.119.131,201.45.99.161,89.208.97.58
736,Courtney,Tickle,cticklekf@huffingtonpost.com,Polygender,70.203.170.54,49.118.223.21,39.232.150.91
737,Jon,Shannon,jshannonkg@berkeley.edu,Agender,178.95.18.39,207.238.95.108,217.38.170.57
738,Agosto,Butfield,abutfieldkh@bravesites.com,Female,204.234.176.170,196.24.234.66,110.119.198.243
739,Phil,Graffin,pgraffinki@gmpg.org,Agender,98.73.6.81,89.188.182.53,121.189.188.223
740,Trisha,Bonnett,tbonnettkj@ted.com,Female,164.144.114.247,130.193.124.19,110.151.119.164
741,Justine,Deguara,jdeguarakk@pagesperso-orange.fr,Male,97.82.35.240,29.172.66.206,204.75.80.82
742,Fayth,Strachan,fstrachankl@marketwatch.com,Non-binary,194.140.22.244,149.139.63.190,215.158.26.229
743,Katrine,Samarth,ksamarthkm@unc.edu,Genderfluid,206.19.98.49,91.238.187.19,25.49.240.189
744,Gene,Liggens,gliggenskn@shutterfly.com,Genderqueer,8.192.160.11,210.234.199.240,184.133.60.36
745,Patrizius,Khristyukhin,pkhristyukhinko@theguardian.com,Non-binary,222.194.249.21,180.109.162.206,211.234.2.64
746,Carmelia,Hatcher,chatcherkp@naver.com,Polygender,6.127.213.102,54.71.9.124,137.73.215.172
747,Hettie,Peter,hpeterkq@sphinn.com,Bigender,25.79.65.186,142.200.166.179,107.70.242.93
748,Laurette,Roder,lroderkr@clickbank.net,Agender,155.234.50.46,137.146.150.147,122.107.146.128
749,Bar,Glanville,bglanvilleks@google.com.au,Female,223.13.145.47,189.88.107.51,226.41.50.142
750,Valene,Tremmil,vtremmilkt@foxnews.com,Genderqueer,251.130.44.175,43.255.198.195,172.216.113.178
751,Shela,Aizikov,saizikovku@a8.net,Genderfluid,87.208.186.85,65.227.190.42,192.253.101.138
752,Elysee,Sikora,esikorakv@google.com.br,Genderfluid,196.190.27.242,98.75.22.137,159.245.134.126
753,Miranda,Dyerson,mdyersonkw@cargocollective.com,Agender,158.82.195.192,193.147.212.4,27.130.248.201
754,Ibrahim,Downse,idownsekx@acquirethisname.com,Female,32.198.128.194,135.192.33.177,246.66.226.227
755,Jacklyn,Rosel,jroselky@jugem.jp,Polygender,127.72.14.203,2.10.104.208,6.5.138.37
756,Penny,Wallett,pwallettkz@cnet.com,Non-binary,121.242.42.59,23.222.224.186,35.109.155.186
757,Sibella,Borsnall,sborsnalll0@homestead.com,Bigender,102.202.16.106,154.26.232.236,231.85.23.223
758,Minne,Feuell,mfeuelll1@meetup.com,Bigender,38.121.114.213,10.235.18.93,240.56.242.210
759,Adelle,McKoy,amckoyl2@angelfire.com,Female,155.96.217.20,133.148.55.90,93.141.166.212
760,Dari,Dy,ddyl3@theguardian.com,Genderfluid,253.160.125.143,158.126.84.209,151.101.50.234
761,Beret,Outhwaite,bouthwaitel4@altervista.org,Non-binary,150.180.248.200,215.21.114.152,113.246.183.210
762,Odele,McWhirter,omcwhirterl5@freewebs.com,Agender,22.169.161.34,233.167.144.154,149.102.150.237
763,Brendan,Iacobini,biacobinil6@jiathis.com,Genderfluid,103.139.51.72,129.43.197.211,150.169.97.203
764,Austina,Stickels,astickelsl7@cnet.com,Genderfluid,200.0.68.52,181.230.88.181,159.245.25.91
765,Huntley,Elcomb,helcombl8@cyberchimps.com,Genderqueer,69.186.161.21,140.92.149.40,62.46.55.8
766,Bernette,McClaughlin,bmcclaughlinl9@cdbaby.com,Genderqueer,232.223.88.232,150.173.232.156,155.174.160.220
767,Cornall,Fligg,cfliggla@wired.com,Male,217.148.57.175,21.209.108.60,9.150.192.246
768,Desi,Ticic,dticiclb@cisco.com,Agender,126.158.115.162,58.64.42.250,115.76.214.80
769,Chad,Gallant,cgallantlc@eventbrite.com,Bigender,110.51.174.139,53.233.57.249,29.237.37.140
770,Whitman,Pablos,wpablosld@mysql.com,Polygender,8.118.166.243,204.179.146.151,32.36.100.85
771,Karlene,Dalgarno,kdalgarnole@youtu.be,Genderqueer,241.29.177.136,170.116.176.204,220.232.143.82
772,Priscilla,Upchurch,pupchurchlf@nydailynews.com,Male,145.220.216.47,127.219.243.40,192.19.166.131
773,Lonna,Watsam,lwatsamlg@army.mil,Genderfluid,182.46.52.223,237.255.15.95,235.45.186.78
774,Bernhard,Gierardi,bgierardilh@sun.com,Polygender,53.186.214.193,210.190.37.219,186.215.32.86
775,Phedra,Truscott,ptruscottli@yahoo.co.jp,Polygender,254.190.11.30,95.44.76.159,52.123.23.114
776,Jed,Senescall,jsenescalllj@walmart.com,Polygender,134.178.229.29,113.196.152.185,144.169.35.58
777,Nerte,Spear,nspearlk@cnbc.com,Genderfluid,150.85.92.121,170.41.11.110,3.60.209.18
778,Alessandra,Edlington,aedlingtonll@squidoo.com,Male,255.23.7.234,61.238.182.163,15.47.152.235
779,Cammi,Faltskog,cfaltskoglm@icio.us,Non-binary,215.183.9.126,84.44.70.195,45.175.29.98
780,Riccardo,Ammer,rammerln@pinterest.com,Non-binary,166.242.52.80,220.160.59.226,86.46.73.117
781,Chaddy,Jeannin,cjeanninlo@forbes.com,Genderfluid,124.14.225.2,163.169.51.162,194.142.39.128
782,Emelda,Seargeant,eseargeantlp@zdnet.com,Female,78.40.102.213,255.175.35.166,2.178.45.72
783,Dana,Callery,dcallerylq@lulu.com,Female,244.0.48.214,95.96.154.102,127.146.41.189
784,Onofredo,Oager,ooagerlr@psu.edu,Non-binary,106.224.80.77,192.93.244.34,7.251.163.227
785,Orin,Truluck,otruluckls@yelp.com,Polygender,206.238.195.21,248.186.30.117,187.53.236.242
786,Mandi,Campany,mcampanylt@usgs.gov,Polygender,84.206.163.20,1.251.129.84,176.186.202.192
787,Calhoun,Lidyard,clidyardlu@dion.ne.jp,Genderfluid,62.212.79.6,121.68.217.68,63.133.141.87
788,Cherilyn,Le-Good,clegoodlv@furl.net,Female,171.141.52.127,70.134.214.210,94.237.68.27
789,Yardley,Southerden,ysoutherdenlw@economist.com,Bigender,37.75.115.121,81.48.85.179,138.163.183.83
790,Franny,Ridler,fridlerlx@nationalgeographic.com,Genderqueer,94.106.148.170,76.133.98.232,73.138.156.242
791,Bryanty,Roome,broomely@huffingtonpost.com,Genderfluid,37.12.29.185,61.203.135.155,135.71.89.205
792,Lee,Normavill,lnormavilllz@apache.org,Agender,178.152.216.57,30.214.245.244,219.90.20.13
793,Gardiner,Moniker,gmonikerm0@who.int,Genderqueer,74.162.161.15,79.110.186.70,151.35.164.212
794,Mickie,Volks,mvolksm1@indiegogo.com,Female,79.194.69.156,219.11.118.110,31.122.181.145
795,Vanya,Matanin,vmataninm2@goo.gl,Bigender,18.126.113.82,147.149.164.20,246.147.91.170
796,Robinia,Ronchetti,rronchettim3@oaic.gov.au,Genderfluid,164.126.64.60,88.43.188.147,104.78.49.187
797,Vi,Blowing,vblowingm4@sogou.com,Non-binary,110.1.125.41,131.74.193.192,25.111.235.25
798,Jesus,Brede,jbredem5@hatena.ne.jp,Polygender,209.27.223.219,139.44.85.54,138.20.76.28
799,Rosette,Feldbau,rfeldbaum6@jalbum.net,Genderfluid,234.190.7.105,164.145.88.124,185.54.234.31
800,Kimberlee,Hamal,khamalm7@printfriendly.com,Genderqueer,95.41.120.169,70.114.244.143,20.175.155.35
801,Willetta,Buck,wbuckm8@sfgate.com,Bigender,137.70.176.98,24.184.177.65,116.13.244.172
802,Cosme,Soar,csoarm9@amazonaws.com,Genderqueer,176.187.213.22,96.44.208.114,81.129.56.111
803,Beryl,Mose,bmosema@ucoz.ru,Male,184.52.185.179,142.43.137.26,47.24.37.144
804,Hoebart,Skepper,hskeppermb@kickstarter.com,Male,128.59.59.127,104.49.242.130,152.29.118.146
805,Kareem,McKibbin,kmckibbinmc@purevolume.com,Agender,90.2.84.9,161.232.16.209,6.161.126.147
806,Kleon,Fowells,kfowellsmd@npr.org,Female,240.98.101.234,98.40.255.179,79.160.7.253
807,Deane,Monketon,dmonketonme@wikia.com,Male,23.52.78.91,16.79.14.210,196.137.70.181
808,Freddie,Hise,fhisemf@abc.net.au,Agender,98.71.12.125,215.150.11.212,62.23.156.155
809,Micheline,Elves,melvesmg@google.co.uk,Male,247.108.25.10,83.120.223.65,204.206.251.131
810,Josh,Bearward,jbearwardmh@guardian.co.uk,Genderfluid,130.213.209.103,98.222.191.132,177.62.35.130
811,Lucius,Kelway,lkelwaymi@histats.com,Genderfluid,28.102.59.155,183.227.154.124,95.1.150.135
812,Timotheus,Klehyn,tklehynmj@yahoo.co.jp,Non-binary,96.215.119.13,87.239.178.21,81.117.80.51
813,Marlo,Binne,mbinnemk@zdnet.com,Genderqueer,134.242.184.119,142.156.76.247,125.55.38.15
814,Jessi,Oldland,joldlandml@homestead.com,Genderqueer,46.207.78.192,97.6.37.141,135.172.1.237
815,Carlina,Gligorijevic,cgligorijevicmm@ocn.ne.jp,Polygender,40.20.243.83,150.215.111.240,64.110.215.222
816,Nissie,Walster,nwalstermn@statcounter.com,Bigender,89.141.34.22,212.219.251.222,145.245.12.137
817,Forster,Chiommienti,fchiommientimo@i2i.jp,Polygender,23.160.16.201,63.29.97.82,219.85.23.204
818,Constantine,Larchiere,clarchieremp@geocities.jp,Non-binary,154.74.65.21,97.165.193.161,150.129.81.146
819,Dyane,Benezet,dbenezetmq@archive.org,Bigender,17.186.132.139,17.249.211.64,167.232.36.219
820,Johanna,Flint,jflintmr@weather.com,Non-binary,115.78.75.7,100.74.0.204,45.16.144.77
821,Elwira,Hincks,ehincksms@yolasite.com,Female,196.6.230.194,165.220.245.54,118.239.145.213
822,Brooks,Atkyns,batkynsmt@moonfruit.com,Genderqueer,50.168.77.98,57.202.0.136,88.98.207.208
823,Lela,Dutteridge,ldutteridgemu@dot.gov,Bigender,235.203.91.67,172.255.252.236,72.109.186.22
824,Aubrey,Briatt,abriattmv@blogger.com,Agender,207.54.141.187,4.222.179.26,140.244.56.29
825,Galina,Warland,gwarlandmw@europa.eu,Genderfluid,233.172.73.97,20.220.135.147,239.171.92.212
826,Robbyn,Staneland,rstanelandmx@ibm.com,Bigender,96.35.61.88,74.215.65.139,89.63.130.151
827,Blair,Jeannot,bjeannotmy@amazon.com,Polygender,14.93.125.172,40.128.223.108,9.219.62.23
828,Diego,Tschirasche,dtschiraschemz@gravatar.com,Bigender,150.70.199.109,113.244.235.2,72.133.105.58
829,Herve,Dunston,hdunstonn0@meetup.com,Agender,97.24.39.150,207.100.144.24,114.15.196.236
830,Delmer,Villiers,dvilliersn1@xing.com,Male,213.173.10.225,14.106.79.147,44.27.4.157
831,Ranee,Dominiak,rdominiakn2@tamu.edu,Non-binary,179.167.172.233,71.117.134.123,68.141.20.222
832,Luciana,Stanyan,lstanyann3@dyndns.org,Non-binary,32.76.175.22,14.220.119.72,17.167.208.24
833,Sydel,Burnep,sburnepn4@usa.gov,Non-binary,141.14.217.11,42.232.164.20,101.5.104.106
834,Eberhard,Bosdet,ebosdetn5@un.org,Male,144.54.112.39,9.145.220.185,191.17.11.165
835,Bee,Sofe,bsofen6@trellian.com,Non-binary,153.245.137.255,19.2.52.118,205.245.240.155
836,Peder,McLoughlin,pmcloughlinn7@example.com,Genderqueer,42.163.142.40,122.32.162.34,48.212.197.96
837,Sylvan,Andreopolos,sandreopolosn8@netlog.com,Genderfluid,222.128.44.113,98.101.255.119,226.128.50.121
838,Cecily,Kettlestring,ckettlestringn9@blogs.com,Agender,87.15.28.242,166.189.110.235,218.150.249.240
839,Winnifred,Steele,wsteelena@tripod.com,Female,33.226.147.101,219.246.137.240,178.223.167.227
840,Deeanne,McGuffog,dmcguffognb@posterous.com,Polygender,206.47.143.211,140.16.217.39,200.133.122.97
841,Emmy,Menis,emenisnc@amazonaws.com,Genderfluid,111.57.68.88,235.248.106.217,100.106.43.170
842,Robinetta,Hannant,rhannantnd@nbcnews.com,Female,159.27.238.27,168.3.147.147,164.150.63.255
843,Kathi,Wabe,kwabene@illinois.edu,Genderqueer,176.232.188.105,224.11.33.240,130.197.221.130
844,Derrik,Piatto,dpiattonf@scientificamerican.com,Genderqueer,60.200.7.81,165.188.125.0,177.94.176.163
845,Yettie,Geer,ygeerng@creativecommons.org,Genderfluid,147.237.53.69,69.191.78.129,241.248.40.114
846,Daryl,Bringloe,dbringloenh@mac.com,Male,175.178.32.227,206.58.15.255,46.93.199.189
847,Whittaker,Lydden,wlyddenni@alibaba.com,Bigender,173.121.154.232,68.159.114.12,116.119.141.60
848,Julina,Madsen,jmadsennj@infoseek.co.jp,Genderfluid,201.251.12.47,8.112.141.126,117.140.219.173
849,Priscilla,Lum,plumnk@jalbum.net,Bigender,181.183.59.97,163.55.121.51,22.111.155.174
850,Tadeo,Maggi,tmagginl@webeden.co.uk,Male,8.231.163.234,198.242.148.183,73.147.120.113
851,Boyce,Street,bstreetnm@4shared.com,Bigender,41.237.9.6,15.129.166.66,254.40.114.172
852,Averil,Pearton,apeartonnn@storify.com,Female,42.191.48.43,78.109.249.229,14.161.227.39
853,Giordano,Brashier,gbrashierno@multiply.com,Female,59.189.128.251,172.179.201.106,92.189.51.15
854,Elvira,Doerffer,edoerffernp@sina.com.cn,Genderfluid,127.85.94.228,139.184.182.249,244.61.157.17
855,Ephraim,Hartridge,ehartridgenq@hibu.com,Genderfluid,169.24.148.223,0.133.255.172,20.221.39.99
856,Tarra,Whitehair,twhitehairnr@about.com,Non-binary,38.202.152.179,209.214.114.54,6.116.172.235
857,Junia,Treadger,jtreadgerns@51.la,Genderfluid,62.128.28.42,154.158.45.112,22.40.56.96
858,Mary,Bissell,mbissellnt@simplemachines.org,Bigender,61.205.159.219,156.214.71.242,176.240.208.234
859,Darwin,Borne,dbornenu@elegantthemes.com,Genderfluid,132.96.158.233,233.186.112.33,121.132.63.116
860,Mariquilla,L'Homme,mlhommenv@oakley.com,Bigender,82.245.176.104,9.237.113.189,150.219.122.77
861,Livvie,Migheli,lmighelinw@feedburner.com,Genderqueer,53.33.11.76,58.156.132.42,225.174.242.35
862,Rossy,Hacker,rhackernx@123-reg.co.uk,Bigender,247.82.90.252,204.4.105.74,61.183.25.163
863,Bertina,Mayworth,bmayworthny@state.tx.us,Non-binary,9.236.31.59,202.53.192.140,250.109.244.0
864,Barnaby,Opdenorth,bopdenorthnz@wordpress.com,Genderqueer,34.39.154.130,228.186.140.47,113.152.59.41
865,Homere,Wasielewicz,hwasielewiczo0@odnoklassniki.ru,Agender,107.119.46.245,161.93.212.151,119.189.247.28
866,Gussi,Buxcy,gbuxcyo1@google.es,Bigender,236.127.111.246,131.158.242.102,177.35.171.181
867,Neddie,Betke,nbetkeo2@webs.com,Agender,200.162.89.238,230.253.114.218,91.33.153.221
868,Virginie,Olczak,volczako3@t.co,Bigender,50.113.214.204,95.92.171.245,121.159.146.116
869,Dee,Ruxton,druxtono4@umn.edu,Agender,122.213.119.194,51.220.42.224,27.52.77.61
870,Hyacinthe,Bowdery,hbowderyo5@freewebs.com,Female,164.222.207.102,96.250.103.10,44.246.187.0
871,Merna,Iorillo,miorilloo6@soup.io,Female,127.240.35.116,111.130.13.144,101.251.55.8
872,Field,Stoute,fstouteo7@hatena.ne.jp,Agender,97.118.24.255,219.55.113.83,136.138.166.99
873,Christan,Gundry,cgundryo8@discovery.com,Genderqueer,140.176.128.190,167.94.152.175,102.205.169.119
874,Erin,Falkus,efalkuso9@barnesandnoble.com,Female,151.89.167.189,90.58.32.142,22.185.119.232
875,Donalt,Dumbarton,ddumbartonoa@wikimedia.org,Female,212.39.149.121,159.191.4.168,51.175.166.192
876,Kele,Josefer,kjoseferob@nps.gov,Bigender,236.233.25.150,199.188.4.146,34.251.140.227
877,Odell,Jakoviljevic,ojakoviljevicoc@facebook.com,Genderfluid,15.39.176.139,188.241.95.100,250.248.244.86
878,Emeline,Deluce,edeluceod@wunderground.com,Female,127.217.247.244,203.122.196.218,191.20.58.150
879,Horatio,De Carolis,hdecarolisoe@mysql.com,Male,107.128.202.40,11.236.101.128,63.95.141.228
880,Esme,Jurries,ejurriesof@seesaa.net,Genderqueer,183.184.147.19,228.121.74.244,115.113.37.123
881,Tersina,Gourlie,tgourlieog@usatoday.com,Genderfluid,4.138.80.195,191.13.213.189,167.9.156.209
882,Ty,Bank,tbankoh@tripadvisor.com,Agender,122.186.173.210,95.148.23.248,194.254.126.60
883,Griffith,Betham,gbethamoi@dedecms.com,Non-binary,29.234.188.211,198.177.180.130,162.165.209.100
884,Zebadiah,Campkin,zcampkinoj@blog.com,Bigender,219.99.31.254,103.100.102.94,223.221.23.37
885,Peggy,Paddeley,ppaddeleyok@miibeian.gov.cn,Non-binary,10.252.196.109,12.74.25.244,32.46.184.172
886,Jayne,Maccrae,jmaccraeol@parallels.com,Male,67.168.66.200,154.102.14.86,10.243.130.20
887,Kippie,Tomczykiewicz,ktomczykiewiczom@hostgator.com,Genderfluid,239.155.251.25,150.99.190.117,64.179.186.198
888,Rachael,Kidstoun,rkidstounon@oaic.gov.au,Polygender,108.220.230.175,53.178.45.150,57.210.170.194
889,Harwell,Prator,hpratoroo@fda.gov,Non-binary,157.231.45.218,181.223.8.238,229.191.127.1
890,Minny,Fronczak,mfronczakop@nydailynews.com,Male,180.239.228.14,233.222.17.243,118.158.49.223
891,Basia,Chattington,bchattingtonoq@storify.com,Non-binary,20.172.153.30,186.80.103.247,12.231.101.93
892,Waiter,Mantz,wmantzor@apache.org,Polygender,109.45.237.182,69.239.135.187,250.33.51.193
893,Dawn,Goodall,dgoodallos@slideshare.net,Genderfluid,37.64.107.89,140.171.218.58,61.130.245.12
894,Silvano,Lyndon,slyndonot@geocities.com,Non-binary,208.204.100.73,61.188.42.188,74.153.244.127
895,Giacinta,Fladgate,gfladgateou@flavors.me,Bigender,78.99.189.71,178.16.160.220,52.18.198.47
896,Anallese,Sachno,asachnoov@yahoo.co.jp,Bigender,90.46.215.15,172.110.50.223,140.211.48.142
897,Alexandros,Coulton,acoultonow@ed.gov,Bigender,24.73.176.210,217.107.58.247,164.117.60.146
898,Eveleen,Dunstone,edunstoneox@behance.net,Non-binary,48.248.208.78,190.222.159.128,168.244.114.53
899,Lacey,Worwood,lworwoodoy@csmonitor.com,Male,189.79.17.79,126.106.3.29,235.87.72.69
900,Hermia,Pranger,hprangeroz@va.gov,Female,112.8.106.144,111.127.183.80,23.6.64.243
901,Joeann,O'Kane,jokanep0@webmd.com,Female,172.47.220.149,6.24.116.39,244.205.83.34
902,Chelsae,Schuler,cschulerp1@stanford.edu,Agender,126.229.241.210,0.70.53.164,172.96.16.236
903,Godfry,Lis,glisp2@smugmug.com,Polygender,224.0.237.5,91.21.143.89,102.4.10.61
904,Ephraim,Louiset,elouisetp3@noaa.gov,Genderqueer,247.55.195.198,157.138.170.61,82.237.100.58
905,Rollie,Poulton,rpoultonp4@moonfruit.com,Genderqueer,109.205.33.224,180.221.150.98,41.172.60.19
906,Gladi,Birley,gbirleyp5@simplemachines.org,Agender,136.99.179.2,108.34.175.54,49.112.45.211
907,Chadd,Vodden,cvoddenp6@wix.com,Female,9.14.61.68,197.38.107.151,93.136.155.175
908,Torey,Allsepp,tallseppp7@naver.com,Non-binary,33.109.8.244,26.154.210.72,115.166.200.239
909,Fanchon,Fladgate,ffladgatep8@ucsd.edu,Polygender,188.210.141.71,232.89.18.21,120.71.124.164
910,Gennifer,Sporton,gsportonp9@ebay.co.uk,Genderqueer,97.241.41.198,210.206.81.94,244.131.223.6
911,Estevan,Yuryev,eyuryevpa@skyrock.com,Female,132.81.2.206,110.215.67.60,166.78.191.233
912,Chico,Muzzi,cmuzzipb@theguardian.com,Male,86.15.146.254,143.190.47.196,143.81.201.127
913,Carlynn,Staden,cstadenpc@privacy.gov.au,Bigender,213.10.228.222,239.253.1.20,57.124.234.7
914,Maris,Stiggles,mstigglespd@who.int,Genderfluid,54.33.215.229,29.31.149.5,77.253.79.252
915,Eugine,MacGuigan,emacguiganpe@businesswire.com,Non-binary,101.166.29.104,198.14.211.28,234.202.2.107
916,Joby,Lattie,jlattiepf@reverbnation.com,Polygender,29.57.81.2,140.11.197.44,238.27.167.119
917,Gannie,Dikels,gdikelspg@blogger.com,Genderfluid,74.25.17.55,151.172.192.253,129.211.194.51
918,Brandtr,Woolmer,bwoolmerph@photobucket.com,Female,225.9.186.174,162.216.43.17,123.227.3.74
919,Calida,Keeling,ckeelingpi@sun.com,Agender,134.68.22.56,145.168.33.209,198.15.202.248
920,Gayelord,Sleford,gslefordpj@archive.org,Male,67.138.64.44,40.134.102.91,129.240.255.143
921,Agathe,Clelle,aclellepk@i2i.jp,Polygender,153.10.52.25,225.40.36.5,244.182.17.54
922,Fernanda,Dillet,fdilletpl@sfgate.com,Agender,98.85.121.63,175.192.8.210,237.140.109.176
923,Roanne,le Keux,rlekeuxpm@webs.com,Genderqueer,50.222.69.175,114.52.255.244,229.224.119.247
924,Ailene,Charer,acharerpn@ucsd.edu,Non-binary,66.67.31.165,195.53.22.180,30.208.228.49
925,Kristel,Cuddihy,kcuddihypo@huffingtonpost.com,Genderqueer,58.21.191.38,233.155.165.155,113.179.68.119
926,Reid,Hiers,rhierspp@noaa.gov,Male,96.220.36.195,3.234.145.49,142.192.57.5
927,Adena,Burland,aburlandpq@businessweek.com,Agender,148.137.197.91,108.88.6.158,37.11.112.216
928,Quill,Rusted,qrustedpr@archive.org,Polygender,162.155.56.107,115.71.177.92,168.178.43.239
929,Anabel,Ferrieri,aferrierips@hao123.com,Agender,46.192.248.122,221.60.220.114,31.23.108.121
930,Jacquetta,Bein,jbeinpt@163.com,Genderfluid,214.25.200.36,221.161.6.15,184.73.237.105
931,Moselle,Ravenshaw,mravenshawpu@flickr.com,Male,9.206.98.112,224.95.215.45,217.131.81.196
932,Kirstin,Coram,kcorampv@parallels.com,Genderfluid,21.169.170.73,52.61.38.59,215.129.32.222
933,Chicky,Barlthrop,cbarlthroppw@sogou.com,Genderfluid,25.70.63.19,217.231.159.100,60.1.180.87
934,Trip,Lilie,tliliepx@nyu.edu,Female,4.204.240.94,157.87.78.33,60.232.15.144
935,Jorry,Mulvy,jmulvypy@de.vu,Male,92.247.127.122,222.87.205.180,66.103.234.212
936,Gabbi,Krier,gkrierpz@stumbleupon.com,Genderfluid,92.249.175.240,148.117.200.199,14.29.218.181
937,Barthel,Lelliott,blelliottq0@wix.com,Genderqueer,67.0.117.221,8.50.109.236,246.108.59.108
938,Richy,Mordanti,rmordantiq1@bluehost.com,Polygender,206.92.170.102,214.227.51.180,60.155.180.149
939,Eddi,Bibbie,ebibbieq2@surveymonkey.com,Polygender,187.72.165.94,39.139.163.141,237.231.213.178
940,Hobard,Pandey,hpandeyq3@google.cn,Female,135.241.240.35,32.72.212.222,1.255.191.83
941,Bridgette,Sizland,bsizlandq4@vkontakte.ru,Genderfluid,89.160.197.219,8.238.99.156,129.179.25.29
942,Jasmine,Scales,jscalesq5@google.com.hk,Agender,53.233.99.146,223.237.12.5,18.86.237.231
943,Kearney,Bussell,kbussellq6@homestead.com,Polygender,98.42.89.168,169.59.22.56,20.121.123.86
944,Willabella,Gamell,wgamellq7@cloudflare.com,Genderfluid,246.199.186.163,29.70.127.42,224.8.191.1
945,Douglas,Marsham,dmarshamq8@phoca.cz,Polygender,140.216.194.51,79.5.209.44,131.77.33.9
946,Kele,Gibbie,kgibbieq9@ibm.com,Genderfluid,217.77.193.184,58.39.246.189,190.25.24.174
947,Leonardo,Guppy,lguppyqa@nba.com,Non-binary,75.16.61.254,66.197.166.44,216.160.0.187
948,Cynthie,Glanvill,cglanvillqb@odnoklassniki.ru,Genderqueer,26.3.223.241,93.155.85.147,133.102.74.241
949,Garvey,Vannuccinii,gvannucciniiqc@cocolog-nifty.com,Non-binary,74.47.124.224,129.41.44.254,24.233.27.111
950,Lucine,Perrelle,lperrelleqd@deviantart.com,Genderqueer,166.90.218.59,219.176.217.244,13.199.132.115
951,Marlowe,Phelit,mphelitqe@nyu.edu,Genderfluid,92.41.170.80,86.156.3.22,102.132.183.216
952,Brigit,Dubique,bdubiqueqf@dmoz.org,Polygender,146.90.35.149,57.121.156.223,35.193.196.124
953,Sherline,Haddleton,shaddletonqg@nps.gov,Female,56.193.14.37,223.185.13.141,7.23.69.32
954,Dede,Gozard,dgozardqh@msn.com,Polygender,77.80.131.220,78.228.218.172,206.2.84.148
955,Aaron,Wick,awickqi@comsenz.com,Genderfluid,220.125.137.36,3.237.240.210,147.51.17.70
956,Trstram,Costall,tcostallqj@unicef.org,Male,204.21.93.225,53.108.229.63,107.245.60.46
957,Gabriele,Townes,gtownesqk@microsoft.com,Genderfluid,144.228.248.23,5.44.74.240,33.73.236.189
958,Nessie,Battaille,nbattailleql@twitpic.com,Bigender,212.119.217.165,76.189.112.71,99.33.29.146
959,Fayette,Jimenez,fjimenezqm@domainmarket.com,Genderqueer,170.53.99.79,213.129.96.136,129.234.156.62
960,Doug,Rushworth,drushworthqn@ebay.com,Genderfluid,64.141.219.105,86.185.8.227,203.116.246.216
961,Marlee,Ogilvy,mogilvyqo@reverbnation.com,Female,189.44.249.172,35.108.191.119,165.35.17.191
962,Atalanta,Johananoff,ajohananoffqp@rakuten.co.jp,Non-binary,118.250.106.57,191.198.150.26,20.55.19.240
963,Wiatt,Caccavale,wcaccavaleqq@rediff.com,Non-binary,77.216.240.71,209.193.12.73,45.219.208.198
964,Stephen,Atkin,satkinqr@rakuten.co.jp,Bigender,34.229.28.183,47.165.60.233,19.147.191.224
965,Tomas,Bruty,tbrutyqs@live.com,Polygender,30.193.12.97,76.106.89.156,146.240.71.59
966,Jerrylee,Toffetto,jtoffettoqt@berkeley.edu,Non-binary,245.33.13.80,87.221.247.151,193.132.228.249
967,Ganny,Branchflower,gbranchflowerqu@mozilla.org,Male,185.141.169.243,129.57.91.128,77.158.156.18
968,Hamil,Groomebridge,hgroomebridgeqv@woothemes.com,Genderqueer,229.116.120.104,171.43.109.186,171.207.47.251
969,Batholomew,Navan,bnavanqw@telegraph.co.uk,Genderfluid,44.215.207.63,252.132.145.133,43.170.212.4
970,Cortie,Mc Coughan,cmccoughanqx@theglobeandmail.com,Polygender,57.206.118.53,58.38.88.248,170.146.83.125
971,Evelyn,Chad,echadqy@alexa.com,Agender,9.104.140.56,221.112.19.137,253.152.19.245
972,Perla,Lutton,pluttonqz@webmd.com,Genderqueer,52.33.148.108,67.94.114.68,184.197.16.89
973,Marven,Kimmings,mkimmingsr0@msn.com,Genderfluid,226.200.17.231,252.151.102.10,20.105.128.200
974,Shel,Marvin,smarvinr1@ibm.com,Genderfluid,56.65.4.4,19.127.142.46,229.183.209.39
975,Taddeusz,Frascone,tfrasconer2@studiopress.com,Female,226.51.25.131,154.165.123.248,64.140.83.78
976,Germain,Sommerlie,gsommerlier3@cmu.edu,Non-binary,61.57.11.111,87.11.28.106,11.214.211.212
977,Nicola,Corryer,ncorryerr4@bbb.org,Polygender,187.176.74.199,210.192.238.14,27.209.113.213
978,Melvin,Domican,mdomicanr5@wikipedia.org,Agender,141.214.229.65,32.149.194.247,144.22.112.150
979,Chen,Rief,criefr6@cornell.edu,Female,160.31.144.172,178.140.177.43,5.48.192.79
980,Nalani,Cubbinelli,ncubbinellir7@xing.com,Female,154.101.185.50,247.224.167.102,77.181.187.121
981,Alonso,Gosling,agoslingr8@topsy.com,Genderfluid,231.14.247.6,144.49.121.218,156.155.16.192
982,Pierette,Hair,phairr9@ucla.edu,Agender,209.187.2.255,11.171.93.70,86.192.0.95
983,Ellswerth,Ubanks,eubanksra@prlog.org,Polygender,15.2.86.238,189.251.198.111,101.186.170.175
984,Romeo,Bayston,rbaystonrb@behance.net,Agender,122.42.114.160,67.87.47.16,254.102.199.207
985,Norine,Silbersak,nsilbersakrc@harvard.edu,Agender,2.213.245.93,72.9.102.61,18.236.163.230
986,Warren,Gigg,wgiggrd@indiegogo.com,Male,250.63.142.233,244.174.216.253,77.11.125.155
987,Lelia,Cassels,lcasselsre@usnews.com,Genderfluid,187.38.245.77,190.107.88.225,127.220.55.189
988,Coop,Molineux,cmolineuxrf@ask.com,Bigender,60.132.8.237,145.176.30.6,147.186.83.244
989,Tracie,Scholtz,tscholtzrg@upenn.edu,Genderqueer,82.162.241.111,37.49.39.14,181.94.135.127
990,Crystie,Bythway,cbythwayrh@addthis.com,Bigender,244.39.57.134,101.123.181.15,217.215.206.22
991,Oran,Osman,oosmanri@imageshack.us,Genderfluid,163.104.245.36,239.221.213.124,243.207.138.87
992,Whitney,Casale,wcasalerj@abc.net.au,Agender,26.64.242.212,95.166.14.0,149.155.241.86
993,Kendre,Bulch,kbulchrk@jugem.jp,Female,67.239.99.68,203.196.161.251,57.157.150.206
994,Estel,Worsnop,eworsnoprl@nature.com,Polygender,60.207.47.99,210.120.99.100,82.232.49.152
995,Lutero,Matfin,lmatfinrm@ycombinator.com,Male,15.46.179.80,133.49.154.97,17.127.1.37
996,Wilmar,Huggin,whugginrn@disqus.com,Male,182.118.65.151,32.177.210.6,207.95.1.207
997,Dagny,Margarson,dmargarsonro@uiuc.edu,Genderqueer,45.25.35.63,148.26.181.245,94.143.151.245
998,Bryanty,Millett,bmillettrp@nih.gov,Non-binary,21.152.131.75,195.252.233.194,66.226.14.53
999,Frants,Loades,floadesrq@businesswire.com,Agender,204.32.214.78,72.141.196.253,122.248.233.12
1000,Gennifer,Hundal,ghundalrr@altervista.org,Polygender,32.45.99.13,213.179.159.155,65.211.38.179
